"iso2c","year","country","FertilizerConsumption","UDS"
"AD",2005,"Andorra",NA,0.802260180690486
"AD",2006,"Andorra",NA,0.803157308369151
"AD",2007,"Andorra",NA,0.810563644181303
"AD",2008,"Andorra",NA,0.81257834381933
"AD",2009,"Andorra",NA,0.788081449319205
"AD",2010,"Andorra",NA,0.786683767688255
"AF",2005,"Afghanistan",4.24035874439462,-0.231028580491201
"AF",2006,"Afghanistan",6.29099307159353,-0.312526285469601
"AF",2007,"Afghanistan",3.61880934051835,-0.228373077020802
"AF",2008,"Afghanistan",2.98806774441878,-0.377696069811925
"AF",2009,"Afghanistan",4.52149364814577,-0.542272001801947
"AF",2010,"Afghanistan",4.25551848049281,-0.693909150465608
"AF",2011,"Afghanistan",6.33102297522783,-0.846442589914445
"AG",2005,"Antigua and Barbuda",6,0.871176643158274
"AG",2006,"Antigua and Barbuda",4.5,0.867872251556635
"AG",2007,"Antigua and Barbuda",0.5,0.873159619827288
"AG",2008,"Antigua and Barbuda",3.5,0.871160861369529
"AG",2009,"Antigua and Barbuda",13.25,0.608162733858333
"AG",2010,"Antigua and Barbuda",3,0.6177462449899
"AL",2005,"Albania",111.596654275093,0.721022484809226
"AL",2006,"Albania",85.0924657534247,0.531250984465813
"AL",2007,"Albania",87.1678200692042,0.720145672217965
"AL",2008,"Albania",75.8770491803279,0.529884346911811
"AL",2009,"Albania",89.3858784893268,0.64213280019432
"AL",2010,"Albania",83.3099041533546,0.470397168129467
"AL",2011,"Albania",95.3536977491961,0.403427452814788
"AM",2005,"Armenia",22.6923076923077,0.265579168875515
"AM",2006,"Armenia",27.8449988960035,0.151529231901018
"AM",2007,"Armenia",15.3328909533289,0.215784029269622
"AM",2008,"Armenia",18.1505328596803,0.112370477062417
"AM",2009,"Armenia",29.6662216288385,0.113342054029476
"AM",2010,"Armenia",24.2028985507246,0.0312737107444725
"AM",2011,"Armenia",27.3686553873553,-0.0954599016309097
"AO",2005,"Angola",2.26060606060606,-0.528544546616798
"AO",2006,"Angola",3.66,-0.650822287065639
"AO",2007,"Angola",3.305,-0.520868958169844
"AO",2008,"Angola",8.25882352941177,-0.493258027054229
"AO",2009,"Angola",5.47225,-0.517301257909819
"AO",2010,"Angola",8.43,-0.390466373304033
"AO",2011,"Angola",8.16787234042553,-0.452544920957063
"AR",2005,"Argentina",36.4023102059427,0.975295849129056
"AR",2006,"Argentina",41.4112583921501,0.828529157663562
"AR",2007,"Argentina",49.2567178107759,0.742382788564249
"AR",2008,"Argentina",35.4188772890638,0.670517515428653
"AR",2009,"Argentina",23.3214190608634,0.7011530797353
"AR",2010,"Argentina",40.4217427519682,0.66007195781788
"AR",2011,"Argentina",46.1243692178301,0.622669900365587
"AT",2005,"Austria",135.099495313627,1.55300562211496
"AT",2006,"Austria",130.151120751988,1.69161562595456
"AT",2007,"Austria",109.787988422576,1.98613659532795
"AT",2008,"Austria",109.644832605531,1.6908525522361
"AT",2009,"Austria",83.1385849744712,1.9857800813233
"AT",2010,"Austria",108.154239766082,1.69437861776799
"AT",2011,"Austria",103.131327953045,1.56754060109933
"AU",2005,"Australia",44.8544593336302,1.56127187031967
"AU",2006,"Australia",43.4601278423976,1.8857381983082
"AU",2007,"Australia",46.8146805618487,1.3971441182554
"AU",2008,"Australia",42.6044248391278,1.76465145273637
"AU",2009,"Australia",36.2504384426517,1.40400551075966
"AU",2010,"Australia",46.3164818643112,2.25378687774134
"AU",2011,"Australia",45.2787449137967,2.13473075193383
"AZ",2005,"Azerbaijan",13.3604600694444,-0.464280674794569
"AZ",2006,"Azerbaijan",13.3389453103785,-0.452176170844711
"AZ",2007,"Azerbaijan",10.6375404530744,-0.604302592315919
"AZ",2008,"Azerbaijan",20.9375335985378,-0.539514001505626
"AZ",2009,"Azerbaijan",13.4114194236926,-0.528028723727333
"AZ",2010,"Azerbaijan",9.95488562178228,-0.535770410544618
"AZ",2011,"Azerbaijan",15.5745876862704,-0.620317473850452
"BA",2005,"Bosnia and Herzegovina",24.6370731707317,0.16784679666956
"BA",2006,"Bosnia and Herzegovina",15.4839337877313,0.256842824280154
"BA",2007,"Bosnia and Herzegovina",21.3003913894325,0.236122426902624
"BA",2008,"Bosnia and Herzegovina",11.8710317460317,0.220056545088756
"BA",2009,"Bosnia and Herzegovina",72.7121364092277,0.509887757657332
"BA",2010,"Bosnia and Herzegovina",66.7599601593625,0.294598844107778
"BA",2011,"Bosnia and Herzegovina",115.181094527363,0.16759811112295
"BB",2005,"Barbados",109.076923076923,1.04733920300825
"BB",2006,"Barbados",139,1.05439850418836
"BB",2007,"Barbados",133.615384615385,1.04687823842114
"BB",2008,"Barbados",135.153846153846,1.18208170959552
"BB",2009,"Barbados",77,1.18292792955318
"BB",2010,"Barbados",135.083333333333,1.1742725759047
"BD",2005,"Bangladesh",197.748704335735,0.299496787028189
"BD",2006,"Bangladesh",193.190101522843,0.37756284157803
"BD",2007,"Bangladesh",184.411079836233,-0.498762645504954
"BD",2008,"Bangladesh",200.064077918749,-0.10704076797879
"BD",2009,"Bangladesh",188.852873268343,0.307431642172721
"BD",2010,"Bangladesh",212.963932742909,0.260718646432783
"BD",2011,"Bangladesh",271.306850742381,0.164264002998959
"BE",2005,"Belgium",329.143534994069,2.00090712821797
"BE",2006,"Belgium",316.452494061758,1.69086492172707
"BE",2007,"Belgium",316.393325387366,1.22310544372535
"BE",2008,"Belgium",328.912322274881,1.35589637034564
"BE",2009,"Belgium",246.543504171633,1.21344672812774
"BE",2010,"Belgium",279.170263788969,1.35354054235916
"BE",2011,"Belgium",286.543689320388,1.23016055001753
"BF",2005,"Burkina Faso",15.2436734693878,-0.2550352121571
"BF",2006,"Burkina Faso",13.4042553191489,-0.311072036473819
"BF",2007,"Burkina Faso",10.1010204081633,-0.25190398682237
"BF",2008,"Burkina Faso",9.5345,-0.31005160599726
"BF",2009,"Burkina Faso",9.4519298245614,-0.20974237854966
"BF",2010,"Burkina Faso",9.4285,-0.29459804698596
"BF",2011,"Burkina Faso",10.7024561403509,-0.238352983841875
"BG",2005,"Bulgaria",74.2319571383549,1.03476795791597
"BG",2006,"Bulgaria",73.9399744572158,1.04519735421018
"BG",2007,"Bulgaria",102.009400324149,1.03070987190884
"BG",2008,"Bulgaria",111.242875647668,0.980865443020893
"BG",2009,"Bulgaria",104.600445009536,0.925827469474899
"BG",2010,"Bulgaria",97.053358443189,0.811828841595259
"BG",2011,"Bulgaria",133.082461538462,0.692108281538617
"BH",2005,"Bahrain",2906.66666666667,-0.688757149842232
"BH",2006,"Bahrain",9436.55172413793,-0.594245835423895
"BH",2007,"Bahrain",798.571428571429,-0.682048278892106
"BH",2008,"Bahrain",1993.33333333333,-0.591354692414392
"BH",2009,"Bahrain",947.794117647059,-0.787279212003898
"BH",2010,"Bahrain",1660.625,-0.547824541998574
"BH",2011,"Bahrain",1178.125,-0.946918924697299
"BI",2005,"Burundi",3.54602510460251,0.304689425596754
"BI",2006,"Burundi",3.34333333333333,0.137344331941624
"BI",2007,"Burundi",2.01882352941176,0.251990704023821
"BI",2008,"Burundi",2.17111111111111,0.135861190423873
"BI",2009,"Burundi",1.86105263157895,0.15999987539679
"BI",2010,"Burundi",3.62736842105263,-0.126515379125134
"BI",2011,"Burundi",5.635,-0.0584888926141909
"BJ",2005,"Benin",0.454074074074074,0.413621540375192
"BJ",2006,"Benin",0.0132,0.49805899768482
"BJ",2007,"Benin",0.2456,0.518391568627089
"BJ",2008,"Benin",0.308076923076923,0.533802616278886
"BJ",2009,"Benin",6.67755102040816,0.489382679614449
"BJ",2010,"Benin",8.99015748031496,0.519010986165788
"BJ",2011,"Benin",5.42015503875969,0.565136036502791
"BN",2005,"Brunei Darussalam",308.5,-0.708272563083193
"BN",2006,"Brunei Darussalam",66,-0.697078842564251
"BN",2007,"Brunei Darussalam",377,-0.698285231738782
"BN",2008,"Brunei Darussalam",112.666666666667,-0.699657911122924
"BN",2009,"Brunei Darussalam",103,-0.684415558935898
"BN",2010,"Brunei Darussalam",431.5,-0.686554998041237
"BO",2005,"Bolivia",6.47293746715712,0.490682380093285
"BO",2006,"Bolivia",4.22780661021579,0.488794337801695
"BO",2007,"Bolivia",6.40981466979901,0.549757421483334
"BO",2008,"Bolivia",5.19875776397516,0.537485856979069
"BO",2009,"Bolivia",5.66263871763255,0.475289729518505
"BO",2010,"Bolivia",8.68716372021522,0.323862823167064
"BO",2011,"Bolivia",8.82618624714539,0.2885524504534
"BR",2005,"Brazil",120.100351374409,0.808038448085816
"BR",2006,"Brazil",124.031867468147,0.870327283213933
"BR",2007,"Brazil",165.169737380827,0.780765992693086
"BR",2008,"Brazil",141.838604982206,0.871540308573589
"BR",2009,"Brazil",118.256743327655,0.764656212328754
"BR",2010,"Brazil",156.189872518227,0.919775547985012
"BR",2011,"Brazil",183.014804975579,0.816190608323025
"BS",2005,"Bahamas, The",NA,1.05838572736089
"BS",2006,"Bahamas, The",NA,1.05093651734141
"BS",2007,"Bahamas, The",NA,1.17967780050131
"BS",2008,"Bahamas, The",NA,1.18055281467398
"BS",2009,"Bahamas, The",NA,1.17122928552411
"BS",2010,"Bahamas, The",NA,1.18541414310817
"BT",2005,"Bhutan",7.55688622754491,-0.620776366471094
"BT",2006,"Bhutan",7.62062128222075,-0.713638059955404
"BT",2007,"Bhutan",9.00953778429934,-0.299145052448558
"BT",2008,"Bhutan",12.1458333333333,-0.0410958996343309
"BT",2009,"Bhutan",24.9583333333333,-0.21114466314665
"BT",2010,"Bhutan",10.1,-0.154683400432042
"BT",2011,"Bhutan",13.03,-0.0999322412310374
"BW",2005,"Botswana",NA,0.355224705858202
"BW",2006,"Botswana",NA,0.548021792310526
"BW",2007,"Botswana",NA,0.353456238382711
"BW",2008,"Botswana",NA,0.549606152283254
"BW",2009,"Botswana",48.6044303797468,0.48383455343814
"BW",2010,"Botswana",83.1274131274131,0.678051276990619
"BW",2011,"Botswana",29.4537037037037,0.753029532187916
"BY",2005,"Belarus",167.70119090581,-0.705982780000673
"BY",2006,"Belarus",231.967509025271,-0.614708687376856
"BY",2007,"Belarus",218.354774415655,-0.70370688878012
"BY",2008,"Belarus",237.418419144307,-0.613584038763935
"BY",2009,"Belarus",281.114718614719,-0.699859507242825
"BY",2010,"Belarus",270.460704607046,-0.606120169947302
"BY",2011,"Belarus",300.271296798698,-0.76065517656722
"BZ",2005,"Belize",81,0.821025771893115
"BZ",2006,"Belize",89.2571428571429,0.819679881297916
"BZ",2007,"Belize",60.8714285714286,0.820261591573104
"BZ",2008,"Belize",49.7571428571429,0.823437021217765
"BZ",2009,"Belize",121.438356164384,0.798925307485274
"BZ",2010,"Belize",49.4266666666667,0.796930006701222
"CA",2005,"Canada",61.8212786638979,1.39665626685334
"CA",2006,"Canada",46.9949459123958,1.77029552256271
"CA",2007,"Canada",68.6041447530381,1.39203591432916
"CA",2008,"Canada",63.9640710444254,1.77078505556731
"CA",2009,"Canada",62.2087573586456,1.39553083907208
"CA",2010,"Canada",66.9282208447589,1.76972281606022
"CA",2011,"Canada",81.0883913610129,2.13893729456465
"CD",2005,"Congo, Dem. Rep.",0.0677611940298507,-0.50058149861639
"CD",2006,"Congo, Dem. Rep.",0.454925373134328,-0.531397862257682
"CD",2007,"Congo, Dem. Rep.",0.634776119402985,-0.584344262909427
"CD",2008,"Congo, Dem. Rep.",0.940296296296296,-0.689328992567918
"CD",2009,"Congo, Dem. Rep.",0.79720176730486,-0.426122563929837
"CD",2010,"Congo, Dem. Rep.",1.10411764705882,-0.580672380858586
"CD",2011,"Congo, Dem. Rep.",1.58157142857143,-0.672579949046723
"CF",2005,"Central African Republic",NA,-0.226994052464277
"CF",2006,"Central African Republic",NA,-0.576345149882308
"CF",2007,"Central African Republic",NA,-0.29636284597235
"CF",2008,"Central African Republic",NA,-0.621854563390088
"CF",2009,"Central African Republic",NA,-0.254748466790351
"CF",2010,"Central African Republic",NA,-0.618126139566729
"CF",2011,"Central African Republic",NA,-0.715517149611986
"CG",2005,"Congo, Rep.",0.0653061224489796,-0.458913144599866
"CG",2006,"Congo, Rep.",0.0530612244897959,-0.386558615208009
"CG",2007,"Congo, Rep.",0.359183673469388,-0.164049875262922
"CG",2008,"Congo, Rep.",0.746938775510204,-0.447009914794659
"CG",2009,"Congo, Rep.",4.578,-0.199143724333098
"CG",2010,"Congo, Rep.",0.541176470588235,-0.432824032487705
"CG",2011,"Congo, Rep.",6.55094339622642,-0.544428534235232
"CH",2005,"Switzerland",227.964057114722,1.98332407106822
"CH",2006,"Switzerland",228.653562653563,2.23903083712591
"CH",2007,"Switzerland",229.896704377767,1.38837208070322
"CH",2008,"Switzerland",227.272951021413,2.24633013060467
"CH",2009,"Switzerland",190.830049261084,1.99702317510408
"CH",2010,"Switzerland",218.85043263288,2.25910682340041
"CH",2011,"Switzerland",212.16390195593,2.14657299886372
"CI",2005,"Cote d'Ivoire",17.7803571428571,-0.418242598493561
"CI",2006,"Cote d'Ivoire",22.7725,-0.568329592565084
"CI",2007,"Cote d'Ivoire",23.99,-0.55610532046396
"CI",2008,"Cote d'Ivoire",18.211724137931,-0.451238907496016
"CI",2009,"Cote d'Ivoire",15.3075862068966,-0.449514268383711
"CI",2010,"Cote d'Ivoire",32.2037931034483,-0.468074039582861
"CI",2011,"Cote d'Ivoire",19.5106896551724,-0.471776586649447
"CL",2005,"Chile",434.761379310345,0.817191776896994
"CL",2006,"Chile",475.814074074074,1.12924414749657
"CL",2007,"Chile",532.413112164297,1.18405678888031
"CL",2008,"Chile",691.456288343558,1.13099022869052
"CL",2009,"Chile",610.552511415525,1.18029947009997
"CL",2010,"Chile",373.248623131393,1.18487650806102
"CL",2011,"Chile",562.18890787634,1.25807851318821
"CM",2005,"Cameroon",7.9989937950696,-0.526316268409744
"CM",2006,"Cameroon",9.03219855777293,-0.492593841364139
"CM",2007,"Cameroon",8.62284085192017,-0.522188634063304
"CM",2008,"Cameroon",6.5574375314439,-0.493426688405998
"CM",2009,"Cameroon",7.00285091396948,-0.518347456709248
"CM",2010,"Cameroon",9.23903225806452,-0.488236842502069
"CM",2011,"Cameroon",11.0974193548387,-0.564839277166796
"CN",2005,"China",426.716498886414,-1.0027538218275
"CN",2006,"China",467.64639374425,-0.942643728708554
"CN",2007,"China",478.962510946214,-1.00643679483735
"CN",2008,"China",533.378944837027,-0.781346210927903
"CN",2009,"China",601.709831043446,-1.0024256091369
"CN",2010,"China",579.931673195299,-0.774736425023796
"CN",2011,"China",558.340668419076,-0.760112938326017
"CO",2005,"Colombia",445.133267522211,0.216353193675859
"CO",2006,"Colombia",571.249606216528,0.29861653123428
"CO",2007,"Colombia",544.291291291291,0.238306402031289
"CO",2008,"Colombia",486.731693989071,0.368246772306694
"CO",2009,"Colombia",497.268169014084,0.205138792777668
"CO",2010,"Colombia",584.859977324263,0.335206730481319
"CO",2011,"Colombia",745.296973518285,0.397936443397902
"CR",2005,"Costa Rica",1029.92,1.18539240290051
"CR",2006,"Costa Rica",868.04,1.34707947336203
"CR",2007,"Costa Rica",790.195,1.28800511620794
"CR",2008,"Costa Rica",707.48,1.34809601301217
"CR",2009,"Costa Rica",720.486956521739,1.17261027168112
"CR",2010,"Costa Rica",522.021276595745,1.40940334094978
"CR",2011,"Costa Rica",661.352,1.56526631241331
"CU",2005,"Cuba",22.380174291939,-1.18154232934398
"CU",2006,"Cuba",32.1194276279582,-0.853603483685108
"CU",2007,"Cuba",35.699132381752,-1.17946367467229
"CU",2008,"Cuba",42.6493723849372,-0.774131862399046
"CU",2009,"Cuba",16.8972144846797,-1.00482156513041
"CU",2010,"Cuba",28.2172942817294,-0.775089765594754
"CU",2011,"Cuba",38.4321090706733,-0.760288924840964
"CV",2005,"Cabo Verde",NA,1.07282458550406
"CV",2006,"Cabo Verde",NA,1.12238937355471
"CV",2007,"Cabo Verde",NA,1.18360318908013
"CV",2008,"Cabo Verde",NA,1.12520103378816
"CV",2009,"Cabo Verde",NA,1.17970085066123
"CV",2010,"Cabo Verde",NA,1.12521128758623
"CV",2011,"Cabo Verde",NA,1.26110084732732
"CY",2005,"Cyprus",108.975609756098,1.55447880371873
"CY",2006,"Cyprus",109.026086956522,1.41548654348268
"CY",2007,"Cyprus",109.836065573771,1.99391775495028
"CY",2008,"Cyprus",112.014563106796,1.40921912760702
"CY",2009,"Cyprus",181.449942462601,1.98899723742398
"CY",2010,"Cyprus",203.995127892814,1.41029317666517
"CY",2011,"Cyprus",140.46408839779,1.25452984703934
"CZ",2005,"Czech Republic",89.5550015581178,1.55357199133854
"CZ",2006,"Czech Republic",94.2735790131168,1.26895671082149
"CZ",2007,"Czech Republic",100.169640062598,1.10089016674049
"CZ",2008,"Czech Republic",87.2641154328733,1.27388878615923
"CZ",2009,"Czech Republic",88.5169811320755,1.09389274755673
"CZ",2010,"Czech Republic",95.8457899716178,1.27146915367224
"CZ",2011,"Czech Republic",100.576485461441,1.22300268536804
"DE",2005,"Germany",208.757056451613,1.98156030036717
"DE",2006,"Germany",194.419012304062,1.69756272318743
"DE",2007,"Germany",221.871768965227,1.99671297109862
"DE",2008,"Germany",159.582718739524,1.69525677815356
"DE",2009,"Germany",181.414399330264,1.56279353268841
"DE",2010,"Germany",211.596825932804,1.55896264482039
"DE",2011,"Germany",191.486989473684,1.56475544664617
"DJ",2005,"Djibouti",NA,-0.339225206862601
"DJ",2006,"Djibouti",NA,-0.524205860490022
"DJ",2007,"Djibouti",NA,-0.33965403026935
"DJ",2008,"Djibouti",NA,-0.529907714970792
"DJ",2009,"Djibouti",NA,-0.314624073683823
"DJ",2010,"Djibouti",NA,-0.576201772685669
"DJ",2011,"Djibouti",NA,-0.551451753549216
"DK",2005,"Denmark",137.117066895369,1.98846323012756
"DK",2006,"Denmark",138.581167447806,2.24671885070286
"DK",2007,"Denmark",142.411968777103,1.99365459954564
"DK",2008,"Denmark",147.676103247294,2.24675747284421
"DK",2009,"Denmark",102.918140682847,1.99072784596
"DK",2010,"Denmark",113.71210243701,2.23466660917064
"DK",2011,"Denmark",112.848739495798,2.13492568003498
"DM",2005,"Dominica",207.8,1.05213061692524
"DM",2006,"Dominica",134.2,1.05613542958258
"DM",2007,"Dominica",276,1.05614941541313
"DM",2008,"Dominica",44.6,1.05038601418907
"DM",2009,"Dominica",58.1666666666667,1.03985014560009
"DM",2010,"Dominica",52.1666666666667,1.04616289440472
"DO",2005,"Dominican Republic",58.240243902439,0.723350780905424
"DO",2006,"Dominican Republic",80.4670731707317,0.653749377817678
"DO",2007,"Dominican Republic",94.7573170731707,0.694839373078486
"DO",2008,"Dominican Republic",80.39875,0.62336860053999
"DO",2009,"Dominican Republic",80.56,0.630430942848998
"DO",2010,"Dominican Republic",117.54125,0.609282598256199
"DO",2011,"Dominican Republic",73.1975,0.622797729372437
"DZ",2005,"Algeria",7.42990280921315,-0.245186151802403
"DZ",2006,"Algeria",13.2626506024096,-0.339894376622645
"DZ",2007,"Algeria",14.9615745079663,-0.293937010988125
"DZ",2008,"Algeria",8.5767125116838,-0.342566181077531
"DZ",2009,"Algeria",13.9866542105966,-0.199808418505299
"DZ",2010,"Algeria",19.4814716075713,-0.279292874212688
"DZ",2011,"Algeria",17.4850706478272,-0.366649638024533
"EC",2005,"Ecuador",150.829475308642,0.264226551074791
"EC",2006,"Ecuador",207.789943227899,0.295820913721848
"EC",2007,"Ecuador",199.106276150628,0.28444205117313
"EC",2008,"Ecuador",214.119741100324,0.34504272709256
"EC",2009,"Ecuador",187.27863931966,0.368838739545686
"EC",2010,"Ecuador",252.07097100472,0.301687125187461
"EC",2011,"Ecuador",275.355195985117,0.207551260623601
"EE",2005,"Estonia",61.0338409475465,1.03931415017248
"EE",2006,"Estonia",75.8028673835125,1.04757530268671
"EE",2007,"Estonia",76.0367892976589,1.10603158088539
"EE",2008,"Estonia",100.329431438127,1.08927433459056
"EE",2009,"Estonia",69.4597315436242,1.10501499973635
"EE",2010,"Estonia",68.3891472868217,1.08903947864644
"EE",2011,"Estonia",71.5632911392405,1.07968022772928
"EG",2005,"Egypt, Arab Rep.",672.883339836129,-0.555764864508358
"EG",2006,"Egypt, Arab Rep.",492.123224568138,-0.509751492377782
"EG",2007,"Egypt, Arab Rep.",521.78744149766,-0.553720092659602
"EG",2008,"Egypt, Arab Rep.",696.593111279334,-0.511213644222209
"EG",2009,"Egypt, Arab Rep.",502.825242718447,-0.54621174737275
"EG",2010,"Egypt, Arab Rep.",605.059171597633,-0.505115010833942
"EG",2011,"Egypt, Arab Rep.",600.473646723647,-0.44644147950113
"ER",2005,"Eritrea",2.31612903225806,-1.00598465044959
"ER",2006,"Eritrea",0.0164179104477612,-0.943535004481937
"ER",2007,"Eritrea",3.48955223880597,-0.998987274651313
"ER",2008,"Eritrea",NA,-0.9439246361885
"ER",2009,"Eritrea",2.78260869565217,-1.18732338475251
"ER",2010,"Eritrea",0.38695652173913,-1.02997148772075
"ER",2011,"Eritrea",0.818840579710145,-1.02141055201949
"ES",2005,"Spain",142.139549291412,2.00040758402915
"ES",2006,"Spain",142.329481132075,1.69680205675427
"ES",2007,"Spain",157.722231050373,1.9841356426619
"ES",2008,"Spain",106.544602818706,1.56184567096713
"ES",2009,"Spain",96.9269424661919,1.55615606718865
"ES",2010,"Spain",130.675287356322,1.55446558618156
"ES",2011,"Spain",122.616461501328,1.56847338206785
"ET",2005,"Ethiopia",10.9025189113312,-0.282636483440706
"ET",2006,"Ethiopia",11.1310092564945,-0.212216679947058
"ET",2007,"Ethiopia",16.0398917224676,-0.279756303683792
"ET",2008,"Ethiopia",17.2002057915625,-0.209292434052879
"ET",2009,"Ethiopia",17.66231717809,-0.248186944507982
"ET",2010,"Ethiopia",21.847099210436,-0.563552373705068
"ET",2011,"Ethiopia",20.8190506279125,-0.538943328749803
"FI",2005,"Finland",134.217303822938,2.00185202352115
"FI",2006,"Finland",134.495465604955,2.25263882461582
"FI",2007,"Finland",123.502902468206,1.98795102989249
"FI",2008,"Finland",130.580762250454,2.24442964630747
"FI",2009,"Finland",107.98388168091,1.99917919310351
"FI",2010,"Finland",124.079740996984,2.24137483269326
"FI",2011,"Finland",150.966007553877,2.13690970858288
"FJ",2005,"Fiji",39.1764705882353,0.257431393953033
"FJ",2006,"Fiji",25.1235294117647,-0.227380121640242
"FJ",2007,"Fiji",23.9408284023669,-0.499632814059853
"FJ",2008,"Fiji",41.1242603550296,-0.246241715070681
"FJ",2009,"Fiji",21.8078758949881,-0.487151542490485
"FJ",2010,"Fiji",16.3515151515152,-0.475040640755415
"FJ",2011,"Fiji",57.4545454545455,-0.430312863330856
"FM",2005,"Micronesia, Fed. Sts.",0.4,0.92175565948705
"FM",2006,"Micronesia, Fed. Sts.",0,0.804304823180652
"FM",2007,"Micronesia, Fed. Sts.",0,1.4955633016478
"FM",2008,"Micronesia, Fed. Sts.",0,1.51130839536372
"FM",2009,"Micronesia, Fed. Sts.",0,1.17921375017327
"FM",2010,"Micronesia, Fed. Sts.",0,1.18467612592153
"FR",2005,"France",192.493986263647,1.19801138109337
"FR",2006,"France",190.393992769074,1.33130598471337
"FR",2007,"France",209.343913549932,1.10886480500682
"FR",2008,"France",152.533368385885,1.27463890691802
"FR",2009,"France",120.560783497475,1.10680013110326
"FR",2010,"France",150.540425345894,1.09362068625846
"FR",2011,"France",141.287706761363,1.07485045777931
"GA",2005,"Gabon",8.34461538461538,-0.368349989042942
"GA",2006,"Gabon",8.45846153846154,-0.533779382802203
"GA",2007,"Gabon",9.05846153846154,-0.372479636565935
"GA",2008,"Gabon",10.5169230769231,-0.389431687099363
"GA",2009,"Gabon",12.0215384615385,-0.243976576028348
"GA",2010,"Gabon",3.16,-0.310233465367464
"GA",2011,"Gabon",10.0030769230769,-0.357060837834099
"GB",2005,"United Kingdom",272.82248210857,1.39127080455239
"GB",2006,"United Kingdom",254.18444371513,1.47316425229548
"GB",2007,"United Kingdom",254.067378800329,1.39401706676934
"GB",2008,"United Kingdom",208.159866777685,1.47370156470338
"GB",2009,"United Kingdom",239.874359398248,1.39536416855158
"GB",2010,"United Kingdom",251.926298157454,1.55690837378369
"GB",2011,"United Kingdom",238.700098977235,1.56949641384731
"GD",2005,"Grenada",NA,0.924583437321505
"GD",2006,"Grenada",NA,0.926482935525327
"GD",2007,"Grenada",NA,0.920675783883049
"GD",2008,"Grenada",NA,1.15704621132801
"GD",2009,"Grenada",NA,0.799840306688984
"GD",2010,"Grenada",NA,0.794961057463501
"GE",2005,"Georgia",53.2872340425532,0.337466493660188
"GE",2006,"Georgia",47.5281385281385,0.197069040391328
"GE",2007,"Georgia",41.3390928725702,0.194415726866115
"GE",2008,"Georgia",37.5315904139434,0.171307594354952
"GE",2009,"Georgia",43.2466666666667,0.157589780105497
"GE",2010,"Georgia",33.6530120481928,0.103873519628275
"GE",2011,"Georgia",14.1302186878728,0.079082359061067
"GH",2005,"Ghana",5.99875,0.741166820972571
"GH",2006,"Ghana",20.0597619047619,0.543484140849492
"GH",2007,"Ghana",17.76,0.749169834794552
"GH",2008,"Ghana",14.5495555555556,0.545645891601833
"GH",2009,"Ghana",18.9795652173913,0.738210520609637
"GH",2010,"Ghana",18.8361471861472,0.673767095108272
"GH",2011,"Ghana",13.2648305084746,0.690509293463752
"GM",2005,"Gambia, The",9.60909090909091,-0.325615038901669
"GM",2006,"Gambia, The",10.8259385665529,-0.316132745722816
"GM",2007,"Gambia, The",8.97689768976898,-0.457324488996487
"GM",2008,"Gambia, The",4.26075268817204,-0.312606775806649
"GM",2009,"Gambia, The",6.34345794392523,-0.519506659867808
"GM",2010,"Gambia, The",7.3,-0.488544022607173
"GM",2011,"Gambia, The",10.2755555555556,-0.516701522704771
"GN",2005,"Guinea",0.919737322145202,-0.36724381888789
"GN",2006,"Guinea",0.883636363636364,-0.535268003898855
"GN",2007,"Guinea",1.21357142857143,-0.36757767239978
"GN",2008,"Guinea",1.29754385964912,-0.693133125129228
"GN",2009,"Guinea",0.634035087719298,-0.687949391470564
"GN",2010,"Guinea",1.04724137931034,-0.399479554465022
"GN",2011,"Guinea",4.04103448275862,-0.506165396480701
"GQ",2005,"Equatorial Guinea",NA,-0.633661601148755
"GQ",2006,"Equatorial Guinea",NA,-0.71498128956078
"GQ",2007,"Equatorial Guinea",NA,-0.634581961230482
"GQ",2008,"Equatorial Guinea",NA,-0.911460625343042
"GQ",2009,"Equatorial Guinea",NA,-0.954337629312045
"GQ",2010,"Equatorial Guinea",NA,-1.11603434430348
"GQ",2011,"Equatorial Guinea",NA,-1.10875443351859
"GR",2005,"Greece",143.040924592649,1.40753077533967
"GR",2006,"Greece",124.629256965944,1.47474493720216
"GR",2007,"Greece",96.9033891702376,1.40467019651685
"GR",2008,"Greece",119.047730829421,1.47477744679934
"GR",2009,"Greece",62.9947865626592,1.41299770509358
"GR",2010,"Greece",123.700629425649,1.25988949474303
"GR",2011,"Greece",120.14639905549,1.01545524319023
"GT",2005,"Guatemala",141.690714285714,0.215625818068856
"GT",2006,"Guatemala",136.043824701195,0.301450591356055
"GT",2007,"Guatemala",123.77347715736,0.272212688342627
"GT",2008,"Guatemala",92.0052830188679,0.458594479994391
"GT",2009,"Guatemala",105.378289473684,0.288952613719121
"GT",2010,"Guatemala",151.634048257373,0.380193011392943
"GT",2011,"Guatemala",165.837820091924,0.297760868277688
"GW",2005,"Guinea-Bissau",NA,0.351300553787827
"GW",2006,"Guinea-Bissau",NA,-0.0564295525321898
"GW",2007,"Guinea-Bissau",NA,0.300332019708813
"GW",2008,"Guinea-Bissau",NA,-0.20346770437602
"GW",2009,"Guinea-Bissau",NA,0.161226397202488
"GW",2010,"Guinea-Bissau",NA,-0.353366042758159
"GW",2011,"Guinea-Bissau",NA,-0.456201911273101
"GY",2005,"Guyana",22.097619047619,0.253258999767292
"GY",2006,"Guyana",32.5809523809524,0.343437171889051
"GY",2007,"Guyana",32.6547619047619,0.251554702806119
"GY",2008,"Guyana",56.7976190476191,0.345236169368734
"GY",2009,"Guyana",20.2547619047619,0.422393693837573
"GY",2010,"Guyana",39.3190476190476,0.470487608216721
"GY",2011,"Guyana",27.8428571428571,0.455153500864748
"HN",2005,"Honduras",160.851428571429,0.54637371818496
"HN",2006,"Honduras",188.835238095238,0.518119750864013
"HN",2007,"Honduras",177.995238095238,0.508188488209423
"HN",2008,"Honduras",107.730844793713,0.446633497985366
"HN",2009,"Honduras",62.3186274509804,0.208848446868338
"HN",2010,"Honduras",64.7245098039216,0.202726927651185
"HN",2011,"Honduras",104.070588235294,0.195458618653317
"HR",2005,"Croatia",294.508591065292,0.79683659673427
"HR",2006,"Croatia",380.787741203178,0.884263563447837
"HR",2007,"Croatia",410.06338028169,0.862111469426842
"HR",2008,"Croatia",495.228302544441,0.925787747799837
"HR",2009,"Croatia",164.679258320857,0.952111551749865
"HR",2010,"Croatia",297.50773993808,0.822299241648234
"HR",2011,"Croatia",327.687074829932,0.761960912747696
"HT",2005,"Haiti",NA,-0.588898554452199
"HT",2006,"Haiti",NA,0.016993523422952
"HT",2007,"Haiti",NA,0.0454562354324733
"HT",2008,"Haiti",NA,-0.051701757616059
"HT",2009,"Haiti",NA,0.0401065972820123
"HT",2010,"Haiti",NA,-0.0957862999199425
"HT",2011,"Haiti",NA,-0.144920425202021
"HU",2005,"Hungary",85.1988698109107,1.55014775535467
"HU",2006,"Hungary",99.1951272569067,1.23892609416832
"HU",2007,"Hungary",110.409407665505,1.39584711139342
"HU",2008,"Hungary",96.7007633587786,1.24103245581888
"HU",2009,"Hungary",77.4822246455834,1.39786567243024
"HU",2010,"Hungary",84.3342440801457,1.18332687329578
"HU",2011,"Hungary",93.2882821387941,1.10483347036776
"ID",2005,"Indonesia",143.986402858886,0.696481943951929
"ID",2006,"Indonesia",158.016093023256,0.65778637306902
"ID",2007,"Indonesia",181.457227272727,0.693830184632983
"ID",2008,"Indonesia",184.52845814978,0.660211060098404
"ID",2009,"Indonesia",181.639661016949,0.680779293144974
"ID",2010,"Indonesia",181.516652542373,0.647873806488466
"ID",2011,"Indonesia",198.418595744681,0.556597769112654
"IE",2005,"Ireland",458.037162162162,1.55598077682452
"IE",2006,"Ireland",431.876843018213,1.88197718594735
"IE",2007,"Ireland",427.521698113208,1.38849010347129
"IE",2008,"Ireland",378.108991825613,1.76990324282809
"IE",2009,"Ireland",477.373737373737,1.55854570977979
"IE",2010,"Ireland",462.441147378833,1.4772802667046
"IE",2011,"Ireland",430.480225988701,1.56803500732856
"IL",2005,"Israel",292.604501607717,1.24954145134476
"IL",2006,"Israel",304.950495049505,1.17410150220937
"IL",2007,"Israel",344.996729888816,1.24690033000342
"IL",2008,"Israel",280.613947280614,1.17598111526152
"IL",2009,"Israel",200.460072297075,1.25178462620149
"IL",2010,"Israel",206.403269754768,1.17129472054145
"IL",2011,"Israel",344.26783902604,1.10225199720057
"IN",2005,"India",127.614591957051,0.779418267029696
"IN",2006,"India",136.403921543911,0.876524886309499
"IN",2007,"India",142.835225474934,0.782237696533881
"IN",2008,"India",153.349390803506,0.873594952467803
"IN",2009,"India",167.457295914491,0.710979923566785
"IN",2010,"India",179.098626175903,0.82930368149891
"IN",2011,"India",177.935846965296,0.821063492010034
"IQ",2005,"Iraq",41.6128846153846,-0.431459843522423
"IQ",2006,"Iraq",46.2541666666667,-0.440488925627415
"IQ",2007,"Iraq",37.5676767676768,-0.884852493127392
"IQ",2008,"Iraq",56.94,-0.437969362667092
"IQ",2009,"Iraq",72.4898630136986,-0.684582194875751
"IQ",2010,"Iraq",37.5780821917808,-0.0214895521730591
"IQ",2011,"Iraq",46.0602739726027,-0.204713454209693
"IR",2005,"Iran, Islamic Rep.",95.0479646767072,-0.771070157855738
"IR",2006,"Iran, Islamic Rep.",113.961439434764,-0.799421961479374
"IR",2007,"Iran, Islamic Rep.",90.0386507795364,-0.762381593230531
"IR",2008,"Iran, Islamic Rep.",91.1025415272642,-0.801261179219797
"IR",2009,"Iran, Islamic Rep.",68.741935483871,-0.896115260604409
"IR",2010,"Iran, Islamic Rep.",51.9410004029241,-1.0737204153584
"IR",2011,"Iran, Islamic Rep.",27.2840202953081,-1.06458677115349
"IS",2005,"Iceland",133.558139534884,1.96983081990799
"IS",2006,"Iceland",167.821705426357,2.24612221274293
"IS",2007,"Iceland",194.168,1.95883519142333
"IS",2008,"Iceland",199.88,2.24449209778818
"IS",2009,"Iceland",123.846774193548,1.96848208303488
"IS",2010,"Iceland",148.69918699187,2.25040301331578
"IS",2011,"Iceland",159.165302782324,2.13537024284831
"IT",2005,"Italy",171.753084832905,1.56028582685711
"IT",2006,"Italy",177.031588937093,1.41155806282591
"IT",2007,"Italy",190.229953981314,1.55083849832009
"IT",2008,"Italy",143.47626033609,1.1750720417779
"IT",2009,"Italy",120.111588597622,1.24808307272898
"IT",2010,"Italy",122.763385882687,1.1721189858564
"IT",2011,"Italy",134.322470238095,1.25837160247466
"JM",2005,"Jamaica",115.84375,0.591651205686286
"JM",2006,"Jamaica",63.515625,0.744366149660798
"JM",2007,"Jamaica",36.216,0.593494132330055
"JM",2008,"Jamaica",37.6416666666667,0.744431629259897
"JM",2009,"Jamaica",58.1916666666667,0.571236375625774
"JM",2010,"Jamaica",62.625,0.741248040839907
"JM",2011,"Jamaica",71.175,0.81903425640002
"JO",2005,"Jordan",784.016216216216,-0.375379912481549
"JO",2006,"Jordan",693.473684210526,-0.392658729800542
"JO",2007,"Jordan",1007.78332145403,-0.397433453948698
"JO",2008,"Jordan",337.444816053512,-0.455271211182221
"JO",2009,"Jordan",394.860557768924,-0.544625616186572
"JO",2010,"Jordan",187.719594594595,-0.505920922851819
"JO",2011,"Jordan",1227.59111617312,-0.471428617682393
"JP",2005,"Japan",347.969266055046,1.25014445854357
"JP",2006,"Japan",332.82753856781,1.37829041901743
"JP",2007,"Japan",350.474803513638,1.2469660201737
"JP",2008,"Japan",278.228644382544,1.34440935062964
"JP",2009,"Japan",238.92803912436,1.24963162851312
"JP",2010,"Japan",259.834423166745,1.37549150308849
"JP",2011,"Japan",268.309120827457,1.34510684230995
"KE",2005,"Kenya",34.3265577507599,0.404078900482735
"KE",2006,"Kenya",33.154802259887,0.330306350473655
"KE",2007,"Kenya",36.3952830188679,0.335993375970767
"KE",2008,"Kenya",33.2875471698113,0.200312810895706
"KE",2009,"Kenya",31.8570909090909,0.210894999009294
"KE",2010,"Kenya",30.3470909090909,0.227110971068613
"KE",2011,"Kenya",45.1385714285714,0.168944417545352
"KG",2005,"Kyrgyz Republic",24.6285046728972,-0.027336736629531
"KG",2006,"Kyrgyz Republic",22.1967749474176,-0.0318439562026413
"KG",2007,"Kyrgyz Republic",22.4546875,-0.0248901158175231
"KG",2008,"Kyrgyz Republic",18.9738178976163,-0.0436849405459523
"KG",2009,"Kyrgyz Republic",22.0681818181818,-0.221022468448545
"KG",2010,"Kyrgyz Republic",21.6737188528444,0.00902180697466045
"KG",2011,"Kyrgyz Republic",22.0001567520966,-0.0188493819531181
"KH",2005,"Cambodia",8.10513513513514,-0.418646168369748
"KH",2006,"Cambodia",7.79210526315789,-0.290270728809012
"KH",2007,"Cambodia",8.75368421052632,-0.420503427046122
"KH",2008,"Cambodia",7.24948717948718,-0.184465115462294
"KH",2009,"Cambodia",9.57794871794872,-0.198016676757216
"KH",2010,"Cambodia",11.512,-0.155119106724718
"KH",2011,"Cambodia",15.47,-0.213437563239056
"KI",2005,"Kiribati",NA,1.04916220018155
"KI",2006,"Kiribati",NA,1.05215010581866
"KI",2007,"Kiribati",NA,0.803950443832273
"KI",2008,"Kiribati",NA,0.805478443667295
"KI",2009,"Kiribati",NA,0.782325383686587
"KI",2010,"Kiribati",NA,0.788915242226953
"KM",2005,"Comoros",NA,0.118113323051646
"KM",2006,"Comoros",NA,0.161981843485254
"KM",2007,"Comoros",NA,0.370334842576712
"KM",2008,"Comoros",NA,0.16740566614768
"KM",2009,"Comoros",NA,0.376589925033388
"KM",2010,"Comoros",NA,0.08362909133672
"KM",2011,"Comoros",NA,0.112941592534254
"KN",2005,"St. Kitts and Nevis",13.8539042821159,1.18960192905545
"KN",2006,"St. Kitts and Nevis",22.6130653266332,1.17485293698089
"KN",2007,"St. Kitts and Nevis",12.531328320802,1.18901462639492
"KN",2008,"St. Kitts and Nevis",20.5,1.18393530433847
"KN",2009,"St. Kitts and Nevis",12.75,1.1818623850831
"KN",2010,"St. Kitts and Nevis",11.3333333333333,1.50380646211327
"KP",2005,"Korea, Dem. Rep.",NA,-1.97123968869335
"KP",2006,"Korea, Dem. Rep.",NA,-1.99600173351694
"KP",2007,"Korea, Dem. Rep.",NA,-1.97259290708393
"KP",2008,"Korea, Dem. Rep.",NA,-1.9765308616606
"KP",2009,"Korea, Dem. Rep.",NA,-1.9696743683685
"KP",2010,"Korea, Dem. Rep.",NA,-1.9909388734106
"KP",2011,"Korea, Dem. Rep.",NA,-1.98190724666751
"KR",2005,"Korea, Rep.",643.357881923311,0.871362771551825
"KR",2006,"Korea, Rep.",469.849907350216,0.935691069894854
"KR",2007,"Korea, Rep.",511.036944270507,0.87460071826222
"KR",2008,"Korea, Rep.",441.052396166134,1.07110130580323
"KR",2009,"Korea, Rep.",331.955729166667,0.803925941169152
"KR",2010,"Korea, Rep.",336.055076310551,1.07024312436609
"KR",2011,"Korea, Rep.",334.909274193548,1.09970977633114
"KW",2005,"Kuwait",4349.09090909091,-0.594506183156855
"KW",2006,"Kuwait",2090.90909090909,-0.492956468175057
"KW",2007,"Kuwait",0,-0.526681787667576
"KW",2008,"Kuwait",1261.94690265487,-0.491366677347005
"KW",2009,"Kuwait",57.1428571428571,-0.514140582001827
"KW",2010,"Kuwait",884,-0.530519037264691
"KW",2011,"Kuwait",971.809523809524,-0.495688856687512
"KZ",2005,"Kazakhstan",1.80291648254529,-0.664945053094292
"KZ",2006,"Kazakhstan",1.82298546895641,-0.582504773658443
"KZ",2007,"Kazakhstan",2.59242957746479,-0.666627719918378
"KZ",2008,"Kazakhstan",1.36003521126761,-0.581273792341778
"KZ",2009,"Kazakhstan",2.41025641025641,-0.660154780807506
"KZ",2010,"Kazakhstan",1.60271358914564,-0.572282795315221
"KZ",2011,"Kazakhstan",1.72664863740379,-0.548751512688275
"LA",2005,"Lao PDR",NA,-1.01395055912141
"LA",2006,"Lao PDR",NA,-0.940471443730599
"LA",2007,"Lao PDR",NA,-1.01092872530502
"LA",2008,"Lao PDR",NA,-0.945835638411266
"LA",2009,"Lao PDR",NA,-1.00266879060385
"LA",2010,"Lao PDR",NA,-0.946268241798973
"LA",2011,"Lao PDR",NA,-0.932644646135799
"LB",2005,"Lebanon",313.761467889908,0.153702488572735
"LB",2006,"Lebanon",297.867647058824,0.162113775184243
"LB",2007,"Lebanon",320.104321907601,0.151267641597404
"LB",2008,"Lebanon",219.593495934959,0.164791125563021
"LB",2009,"Lebanon",234.292682926829,0.283962597778243
"LB",2010,"Lebanon",296.736842105263,0.24509608149324
"LB",2011,"Lebanon",419.155737704918,0.149908122501617
"LC",2005,"St. Lucia",NA,1.05063091608432
"LC",2006,"St. Lucia",NA,1.05225686489781
"LC",2007,"St. Lucia",NA,1.05025793917982
"LC",2008,"St. Lucia",7.2,1.05041893279024
"LC",2009,"St. Lucia",88,1.18579595123165
"LC",2010,"St. Lucia",119.333333333333,1.17392999290816
"LI",2005,"Liechtenstein",NA,1.56001199376445
"LI",2006,"Liechtenstein",NA,1.57572630502197
"LI",2007,"Liechtenstein",NA,1.54937438385947
"LI",2008,"Liechtenstein",NA,1.56488570822377
"LK",2005,"Sri Lanka",255.291818181818,0.476487185395918
"LK",2006,"Sri Lanka",291.315238095238,0.459741930062736
"LK",2007,"Sri Lanka",288.525,0.410796597319136
"LK",2008,"Sri Lanka",311.711666666667,0.460658050095355
"LK",2009,"Sri Lanka",281.376363636364,0.353405548337245
"LK",2010,"Sri Lanka",230.754166666667,0.239421522559014
"LK",2011,"Sri Lanka",257.313846153846,0.182865242382795
"LR",2005,"Liberia",NA,0.00951164140278474
"LR",2006,"Liberia",NA,0.261804524078837
"LR",2007,"Liberia",NA,0.298800569480439
"LR",2008,"Liberia",NA,0.261051481752935
"LR",2009,"Liberia",NA,0.222900814774845
"LR",2010,"Liberia",NA,0.208356565696475
"LR",2011,"Liberia",NA,0.203875863556009
"LS",2005,"Lesotho",NA,0.242062826870452
"LS",2006,"Lesotho",NA,0.337387061815939
"LS",2007,"Lesotho",NA,0.291619963302921
"LS",2008,"Lesotho",NA,0.372548630258994
"LS",2009,"Lesotho",NA,0.419339430373989
"LS",2010,"Lesotho",NA,0.465061288953854
"LS",2011,"Lesotho",NA,0.50426963782754
"LT",2005,"Lithuania",97.5641227380016,1.28203073672346
"LT",2006,"Lithuania",102.167873110496,1.18009575760165
"LT",2007,"Lithuania",90.0653737197647,1.28127423550999
"LT",2008,"Lithuania",86.6811710985764,1.23700103840308
"LT",2009,"Lithuania",44.2557335540731,1.28101527805332
"LT",2010,"Lithuania",96.0806618407446,1.18192101648076
"LT",2011,"Lithuania",77.6327949855881,1.25920494571214
"LU",2005,"Luxembourg",313.15,1.39370385810128
"LU",2006,"Luxembourg",293.633333333333,1.77681985389306
"LU",2007,"Luxembourg",276.409836065574,1.38872307957276
"LU",2008,"Luxembourg",250.516129032258,1.76989472045789
"LU",2009,"Luxembourg",244.584749878582,1.28248450850347
"LU",2010,"Luxembourg",248.732849071832,1.41405135573725
"LU",2011,"Luxembourg",272.520927237605,1.56503070437727
"LV",2005,"Latvia",68.040293040293,1.00628011302043
"LV",2006,"Latvia",62.655601659751,1.02920359841492
"LV",2007,"Latvia",67.7247474747475,0.946624180245882
"LV",2008,"Latvia",66.9470085470086,0.936421119767118
"LV",2009,"Latvia",64.8835616438356,0.864417484137597
"LV",2010,"Latvia",77.6479113384484,0.863262421931751
"LV",2011,"Latvia",83.2322970639033,0.817180127412058
"LY",2005,"Libya",67.128,-1.18486033530502
"LY",2006,"Libya",42.3085714285714,-1.28682045250237
"LY",2007,"Libya",60.96,-1.18076632091142
"LY",2008,"Libya",27.2685714285714,-1.03261012793805
"LY",2009,"Libya",33.6685714285714,-1.18191560119971
"LY",2010,"Libya",18.6596736596737,-1.28996603892104
"LY",2011,"Libya",38.5291375291375,-0.535798377161131
"MA",2005,"Morocco",63.7872445210539,-0.448207034897753
"MA",2006,"Morocco",60.1686507936508,-0.436549939640343
"MA",2007,"Morocco",58.8295102293862,-0.500759328301647
"MA",2008,"Morocco",53.8266269249876,-0.476652827475836
"MA",2009,"Morocco",41.0653515100254,-0.481719196721838
"MA",2010,"Morocco",39.5918129714204,-0.466009830439256
"MA",2011,"Morocco",46.5375842538251,-0.379205150967232
"MD",2005,"Moldova",9.00163666121113,0.526559533072174
"MD",2006,"Moldova",8.46043956043956,0.53537830706883
"MD",2007,"Moldova",11.0225027442371,0.525661451336028
"MD",2008,"Moldova",12.4530477759473,0.499684871679269
"MD",2009,"Moldova",9.36433681893231,0.419984857774085
"MD",2010,"Moldova",11.0595697738555,0.56070036821133
"MD",2011,"Moldova",13.0474875759249,0.504994153725219
"ME",2006,"Montenegro",18.7011494252874,0.307626464836465
"ME",2007,"Montenegro",15.632183908046,0.154510891348798
"ME",2008,"Montenegro",14.7919075144509,0.356635274335773
"ME",2009,"Montenegro",11.3294797687861,0.6166964477166
"ME",2010,"Montenegro",14.3546511627907,0.598550011905913
"ME",2011,"Montenegro",12.5491329479769,0.531348316844223
"MG",2005,"Madagascar",5.45066666666667,0.395779718608762
"MG",2006,"Madagascar",2.46633333333333,0.289586005259499
"MG",2007,"Madagascar",3.19166666666667,0.343106143027763
"MG",2008,"Madagascar",4.1428125,0.292129056035609
"MG",2009,"Madagascar",2.26657142857143,-0.351092035720929
"MG",2010,"Madagascar",2.41628571428571,-0.392102621727382
"MG",2011,"Madagascar",3.15942857142857,-0.339682930501513
"MH",2005,"Marshall Islands",0.5,0.917200940432119
"MH",2006,"Marshall Islands",NA,0.923011013998707
"MH",2007,"Marshall Islands",NA,0.928339963271567
"MH",2008,"Marshall Islands",NA,0.919626488555449
"MH",2009,"Marshall Islands",NA,0.91086741751669
"MH",2010,"Marshall Islands",NA,0.903870256884542
"MK",2005,"Macedonia, FYR",62.0223214285714,0.661870236571584
"MK",2006,"Macedonia, FYR",57.4669703872437,0.628112628101528
"MK",2007,"Macedonia, FYR",67.122969837587,0.659141802127887
"MK",2008,"Macedonia, FYR",56.1580188679245,0.587207336999289
"MK",2009,"Macedonia, FYR",56.6976190476191,0.642152959134796
"MK",2010,"Macedonia, FYR",67.0314009661836,0.619981633738943
"MK",2011,"Macedonia, FYR",63.5917874396135,0.57757275610862
"ML",2005,"Mali",15.6924861681242,0.387916895795041
"ML",2006,"Mali",17.50132112031,0.316838589197183
"ML",2007,"Mali",31.0502754820937,0.393308095542833
"ML",2008,"Mali",22.4816872070821,0.325431700992075
"ML",2009,"Mali",6.08897912203856,0.335076716972679
"ML",2010,"Mali",19.6003833253474,0.418572529546904
"ML",2011,"Mali",22.00728756741,0.499253716109375
"MM",2005,"Myanmar",6.52112536037379,-1.32243065657517
"MM",2006,"Myanmar",9.01625386996904,-1.39454826905332
"MM",2007,"Myanmar",15.7729034697929,-1.32174352424042
"MM",2008,"Myanmar",7.60968767533196,-1.15588390334668
"MM",2009,"Myanmar",6.23642764498796,-1.00688103015477
"MM",2010,"Myanmar",6.6372213486264,-1.15888024536032
"MM",2011,"Myanmar",15.2162061932134,-0.955461288762186
"MN",2005,"Mongolia",5.26187050359712,0.946366140945642
"MN",2006,"Mongolia",9.35919540229885,0.808970357950104
"MN",2007,"Mongolia",8.56045519203414,0.94690501306515
"MN",2008,"Mongolia",8.32254196642686,0.765669091015323
"MN",2009,"Mongolia",12.1704180064309,0.863773996822736
"MN",2010,"Mongolia",18.0456026058632,0.759580064917204
"MN",2011,"Mongolia",22.8559738134206,0.788312379099097
"MR",2005,"Mauritania",NA,-0.534906698684678
"MR",2006,"Mauritania",NA,-0.409736259170882
"MR",2007,"Mauritania",NA,0.165094855588723
"MR",2008,"Mauritania",NA,-0.555153566739033
"MR",2009,"Mauritania",NA,-0.299827420267134
"MR",2010,"Mauritania",NA,-0.351141102121635
"MR",2011,"Mauritania",NA,-0.293607036346179
"MT",2005,"Malta",105.609756097561,1.51059535737284
"MT",2006,"Malta",148,1.54526471154961
"MT",2007,"Malta",110.75,1.50234554550635
"MT",2008,"Malta",74,1.68254298362975
"MT",2009,"Malta",54.25,1.9709521246621
"MT",2010,"Malta",43.0616740088106,1.67875071187052
"MT",2011,"Malta",45.0440528634361,1.54085363436709
"MU",2005,"Mauritius",352.152941176471,1.27079957942534
"MU",2006,"Mauritius",257.867469879518,1.26006224666932
"MU",2007,"Mauritius",282.222222222222,1.07328554087919
"MU",2008,"Mauritius",228.775,1.26928537115444
"MU",2009,"Mauritius",227.9625,1.13935075253746
"MU",2010,"Mauritius",163.2,1.31339329301976
"MU",2011,"Mauritius",243.230769230769,1.34589512305204
"MV",2005,"Maldives",29.6666666666667,-0.700457993367853
"MV",2006,"Maldives",117.666666666667,-0.698467835522205
"MV",2007,"Maldives",87.3333333333333,-0.708127286730636
"MV",2008,"Maldives",22.3333333333333,0.388972344363295
"MV",2009,"Maldives",88.6666666666667,0.399832097849071
"MV",2010,"Maldives",82.3333333333333,0.398434856873821
"MW",2005,"Malawi",30.491875,0.304044113932787
"MW",2006,"Malawi",36.8245454545455,0.209942063477752
"MW",2007,"Malawi",41.7186666666667,0.299476466486974
"MW",2008,"Malawi",34.8704347826087,0.26429641897509
"MW",2009,"Malawi",30.8457142857143,0.223625863260702
"MW",2010,"Malawi",35.3764864864865,0.209286747839552
"MW",2011,"Malawi",29.5227777777778,0.203552893897994
"MX",2005,"Mexico",79.2370071299717,0.775556672019788
"MX",2006,"Mexico",69.0771800582491,0.646678450636156
"MX",2007,"Mexico",75.0823194078108,0.683828385813242
"MX",2008,"Mexico",52.1851991614256,0.619652674095131
"MX",2009,"Mexico",51.9531308900524,0.621547213393265
"MX",2010,"Mexico",78.2974077384753,0.560430131589078
"MX",2011,"Mexico",89.2016114982578,0.509159858423177
"MY",2005,"Malaysia",1457.35693400167,-0.043635746306098
"MY",2006,"Malaysia",1662.09884536527,0.0305428406360449
"MY",2007,"Malaysia",1836.52057723143,-0.0448815959294331
"MY",2008,"Malaysia",2026.90085785644,0.238726123870913
"MY",2009,"Malaysia",1517.46414044102,0.221688634239468
"MY",2010,"Malaysia",2196.95358649789,0.345305845863813
"MY",2011,"Malaysia",2062.68835082615,0.308130311355547
"MZ",2005,"Mozambique",1.4274,0.00878808128769403
"MZ",2006,"Mozambique",4.6430612244898,0.0659439376441562
"MZ",2007,"Mozambique",2.71294117647059,0.0568929975273317
"MZ",2008,"Mozambique",11.8563461538462,0.100576966142013
"MZ",2009,"Mozambique",4.18566037735849,-0.0039182265147505
"MZ",2010,"Mozambique",8.19946902654867,-0.0316231478153578
"MZ",2011,"Mozambique",7.35592920353982,0.041356754347705
"NA",2005,"Namibia",1.91154791154791,-1.02719527936686
"NA",2006,"Namibia",2.84624846248462,-0.892646954995645
"NA",2007,"Namibia",2.465,-0.924655690225758
"NA",2008,"Namibia",0.28625,0.342844814117738
"NA",2009,"Namibia",1.59,-0.922466280953987
"NA",2010,"Namibia",4.43375,-0.894446721370954
"NA",2011,"Namibia",6.605,0.211111314116966
"NE",2005,"Niger",0.387665510160731,0.298987362593521
"NE",2006,"Niger",0.527622550753342,0.0823001769363105
"NE",2007,"Niger",0.354907872696817,0.246678488282381
"NE",2008,"Niger",0.153418230563003,0.0429940634316751
"NE",2009,"Niger",0.353489932885906,-0.245726228223543
"NE",2010,"Niger",0.496026490066225,-0.291218903653054
"NE",2011,"Niger",0.485641025641026,0.0848373102504622
"NG",2005,"Nigeria",7.19733333333333,0.172835250330364
"NG",2006,"Nigeria",10.0388858695652,-0.00385520999895597
"NG",2007,"Nigeria",4.20505405405405,0.121738397274744
"NG",2008,"Nigeria",5.87683333333333,-0.0706482502434621
"NG",2009,"Nigeria",5.26103125,-0.0634063692740025
"NG",2010,"Nigeria",6.19733333333333,-0.154264123506958
"NG",2011,"Nigeria",4.47055882352941,-0.164078740038212
"NI",2005,"Nicaragua",28.1135,0.523861142482401
"NI",2006,"Nicaragua",32.6274193548387,0.51485214233816
"NI",2007,"Nicaragua",31.47,0.693594025397843
"NI",2008,"Nicaragua",27.1082352941176,0.595843293301673
"NI",2009,"Nicaragua",34.6915151515152,0.514164350405693
"NI",2010,"Nicaragua",34.736120182887,0.389936143163698
"NI",2011,"Nicaragua",51.5728542914172,0.269599276180661
"NL",2005,"Netherlands",337.806480648065,1.98295674518467
"NL",2006,"Netherlands",353.146382501402,2.24674417381756
"NL",2007,"Netherlands",302.13908284582,1.99743571346775
"NL",2008,"Netherlands",267.708606787924,2.24517136891955
"NL",2009,"Netherlands",238.171043898739,1.99169285250367
"NL",2010,"Netherlands",293.325836104049,1.6952481292869
"NL",2011,"Netherlands",246.811133200795,1.57111654296385
"NO",2005,"Norway",218.865429234339,1.99902089502917
"NO",2006,"Norway",216.418414918415,2.2514047163487
"NO",2007,"Norway",220.417546328876,1.98650757648831
"NO",2008,"Norway",213.658103468687,2.24966341253812
"NO",2009,"Norway",179.099401197605,1.9956634298533
"NO",2010,"Norway",170.17310252996,2.26257631412583
"NO",2011,"Norway",192.817848410758,2.13108720175458
"NP",2005,"Nepal",3.56885964912281,-0.66158127658086
"NP",2006,"Nepal",5.64203539823009,-0.0844782575126998
"NP",2007,"Nepal",1.60892857142857,0.0602156466510784
"NP",2008,"Nepal",1.36486486486486,0.207866191141692
"NP",2009,"Nepal",18.2027272727273,0.295292159531563
"NP",2010,"Nepal",25.0821100917431,0.145841524615317
"NP",2011,"Nepal",34.655291996116,0.0339469571638552
"NZ",2005,"New Zealand",2718.68705882353,1.56078464672356
"NZ",2006,"New Zealand",2494.97744360902,1.8803622477825
"NZ",2007,"New Zealand",2304.60788863109,1.5500472485169
"NZ",2008,"New Zealand",1726.60927152318,1.88637178207545
"NZ",2009,"New Zealand",1271.8195329087,1.54924449366186
"NZ",2010,"New Zealand",1270.63527054108,1.88413059556956
"NZ",2011,"New Zealand",1780.6093418259,2.13046274120381
"OM",2005,"Oman",1365.82142857143,-0.916851195550793
"OM",2006,"Oman",1063.61538461538,-0.894745991915429
"OM",2007,"Oman",363.75,-0.927897927986164
"OM",2008,"Oman",724.1,-0.895937447591879
"OM",2009,"Oman",632.432432432432,-0.916707101447569
"OM",2010,"Oman",113.877551020408,-0.897726636103869
"OM",2011,"Oman",653.60433604336,-0.716746389425167
"PA",2005,"Panama",34.4197080291971,0.976615366542044
"PA",2006,"Panama",38.3962962962963,0.994923419976114
"PA",2007,"Panama",34.0888888888889,0.960677874441202
"PA",2008,"Panama",35.8092592592593,0.994046895394086
"PA",2009,"Panama",47.5462962962963,0.818281399742716
"PA",2010,"Panama",67.1703703703704,0.907487480501669
"PA",2011,"Panama",70.5851851851852,0.964683531421711
"PE",2005,"Peru",76.7208651399491,0.726371329147537
"PE",2006,"Peru",85.4206030150754,0.697415797434084
"PE",2007,"Peru",100.562593516209,0.748976581600432
"PE",2008,"Peru",74.0652605459057,0.675096513422414
"PE",2009,"Peru",93.1581620314389,0.712551073610759
"PE",2010,"Peru",89.6200734394125,0.661122444817111
"PE",2011,"Peru",101.244665012407,0.625773394970124
"PG",2005,"Papua New Guinea",71.4083333333333,0.51032794245131
"PG",2006,"Papua New Guinea",58.888,0.52132287888495
"PG",2007,"Papua New Guinea",75.848,0.440862568322608
"PG",2008,"Papua New Guinea",70.7033333333333,0.441448789149503
"PG",2009,"Papua New Guinea",103.853333333333,0.327818996857227
"PG",2010,"Papua New Guinea",109.483333333333,0.413170532256295
"PG",2011,"Papua New Guinea",85.4766666666667,0.284100166374037
"PH",2005,"Philippines",152.3076,0.581781810399226
"PH",2006,"Philippines",138.69572815534,0.574877971379429
"PH",2007,"Philippines",159.761137440758,0.521230678236827
"PH",2008,"Philippines",105.749168207024,0.54073839469515
"PH",2009,"Philippines",121.888503649635,0.486542664482924
"PH",2010,"Philippines",148.631111111111,0.559201034864613
"PH",2011,"Philippines",132.888191881919,0.506293465433545
"PK",2005,"Pakistan",175.193792616976,-0.465331877687049
"PK",2006,"Pakistan",177.51529685681,-0.459272247195479
"PK",2007,"Pakistan",169.8114220554,-0.420218198384099
"PK",2008,"Pakistan",171.930058284763,0.0786773418983694
"PK",2009,"Pakistan",207.908387602213,0.0459097524329877
"PK",2010,"Pakistan",197.949357780175,0.020727977524628
"PK",2011,"Pakistan",185.903498871332,-0.010889916717129
"PL",2005,"Poland",161.938884770612,1.28508824915496
"PL",2006,"Poland",159.338615782665,1.18328202129296
"PL",2007,"Poland",171.332586786114,1.27748816241199
"PL",2008,"Poland",151.093787288203,1.17644629114226
"PL",2009,"Poland",141.709865220512,1.27722616786003
"PL",2010,"Poland",178.941585790148,1.18385823978206
"PL",2011,"Poland",169.742295909173,1.25403328912265
"PT",2005,"Portugal",207.118153364632,1.28429947823197
"PT",2006,"Portugal",135.289348171701,1.47295123435229
"PT",2007,"Portugal",209.438868613139,1.40380520253297
"PT",2008,"Portugal",161.609028960818,1.47104773228362
"PT",2009,"Portugal",119.378772635815,1.39709430886004
"PT",2010,"Portugal",152.293239683933,1.47818576565558
"PT",2011,"Portugal",145.183729433272,1.25916642877105
"PW",2005,"Palau",NA,1.55881074554803
"PW",2006,"Palau",NA,1.56862657640581
"PW",2007,"Palau",NA,1.56501125374978
"PW",2008,"Palau",NA,1.56917060047418
"PY",2005,"Paraguay",65.7630057803468,0.370315055978005
"PY",2006,"Paraguay",72.7211267605634,0.369338000521597
"PY",2007,"Paraguay",94.310989010989,0.326167935695998
"PY",2008,"Paraguay",74.9033893781692,0.532969388590712
"PY",2009,"Paraguay",62.8852867830424,0.485486681775632
"PY",2010,"Paraguay",82.1942028985507,0.517285531780555
"PY",2011,"Paraguay",97.7511627906977,0.507443471680953
"QA",2005,"Qatar",633.534482758621,-1.2130265935992
"QA",2006,"Qatar",0,-1.05890531281545
"QA",2007,"Qatar",5413.84615384615,-1.21749565953759
"QA",2008,"Qatar",225,-1.06245629709574
"QA",2009,"Qatar",2946.15384615385,-1.21607127759691
"QA",2010,"Qatar",6105.71428571429,-0.895435553221185
"QA",2011,"Qatar",11096.9230769231,-0.881151824363565
"RO",2005,"Romania",51.3513633834168,0.77637600853599
"RO",2006,"Romania",40.5955923481374,0.888409776453147
"RO",2007,"Romania",44.6358501440922,0.860856100574057
"RO",2008,"Romania",45.6352482513473,0.886349207344603
"RO",2009,"Romania",48.4932301740812,0.789143315687486
"RO",2010,"Romania",52.5462497266565,0.714452190202794
"RO",2011,"Romania",54.134963868816,0.692207258491596
"RS",2005,"Serbia",NA,0.580961665055444
"RS",2006,"Serbia",117.391500904159,0.575119676095416
"RS",2007,"Serbia",153.655046983935,0.746967895325343
"RS",2008,"Serbia",114.556935190793,0.62124361068923
"RS",2009,"Serbia",143.5245603396,0.747106509802515
"RS",2010,"Serbia",116.444275736411,0.66952008619059
"RS",2011,"Serbia",126.840315725562,0.616914317154994
"RU",2005,"Russian Federation",11.7926441727363,-0.0626869501663216
"RU",2006,"Russian Federation",12.4807113363055,0.016463687854779
"RU",2007,"Russian Federation",14.2531297810387,-0.147587095662092
"RU",2008,"Russian Federation",15.8827446177116,-0.118520159054345
"RU",2009,"Russian Federation",15.6220944558522,-0.0834916500151941
"RU",2010,"Russian Federation",16.0745378151261,-0.0855286772960279
"RU",2011,"Russian Federation",16.4096666666667,-0.331664590305248
"RW",2005,"Rwanda",3.11575011684063,-0.416759590740754
"RW",2006,"Rwanda",3.46948796928709,-0.424629447478762
"RW",2007,"Rwanda",7.73349926819222,-0.417977461090059
"RW",2008,"Rwanda",9.40251654818429,-0.423095408130155
"RW",2009,"Rwanda",1.26080502924998,-0.39734691128619
"RW",2010,"Rwanda",0.0816908262940175,-0.43375024145374
"RW",2011,"Rwanda",0.0982758620689655,-0.498326836420831
"SA",2005,"Saudi Arabia",93.9028571428571,-1.46351861684982
"SA",2006,"Saudi Arabia",98.7826086956522,-1.508623167709
"SA",2007,"Saudi Arabia",118.82472431805,-1.46720159321625
"SA",2008,"Saudi Arabia",77.5950883498053,-1.50545500331832
"SA",2009,"Saudi Arabia",43.8235294117647,-1.46553156685491
"SA",2010,"Saudi Arabia",92.0408805031446,-1.5055698229544
"SA",2011,"Saudi Arabia",148.315922760367,-1.98788608911245
"SB",2005,"Solomon Islands",NA,0.579670438300294
"SB",2006,"Solomon Islands",NA,0.463963163859522
"SB",2007,"Solomon Islands",NA,0.463537654649043
"SB",2008,"Solomon Islands",NA,0.469168904243259
"SB",2009,"Solomon Islands",NA,0.422252635445945
"SB",2010,"Solomon Islands",NA,0.553862646235421
"SB",2011,"Solomon Islands",NA,0.376726314952257
"SC",2005,"Seychelles",34,0.23001843172938
"SC",2006,"Seychelles",11,0.23594063301215
"SC",2007,"Seychelles",30,0.298860478517251
"SC",2008,"Seychelles",34,0.299113954607962
"SC",2009,"Seychelles",52,0.613879027142102
"SC",2010,"Seychelles",29,0.612893300973136
"SD",2005,"Sudan",2.6752,-0.918991730169744
"SD",2006,"Sudan",2.55093333333333,-0.889605363433452
"SD",2007,"Sudan",3.58861121213696,-0.921328553392813
"SD",2008,"Sudan",3.84089850421821,-0.886428102435939
"SD",2009,"Sudan",8.43104915939562,-0.924485050671889
"SD",2010,"Sudan",10.7917064375862,-0.71623066348064
"SD",2011,"Sudan",9.40724671669794,-0.458673529948936
"SE",2005,"Sweden",87.8990348923534,1.9973720013639
"SE",2006,"Sweden",86.420218785364,2.25411003637002
"SE",2007,"Sweden",89.465706707086,1.98874152204472
"SE",2008,"Sweden",99.1622239146992,2.24079965353684
"SE",2009,"Sweden",64.0091116173121,1.99457692824747
"SE",2010,"Sweden",75.9619047619048,2.24868875954395
"SE",2011,"Sweden",77.8544061302682,2.15021798290755
"SG",2005,"Singapore",13753.0303030303,-0.368532215114199
"SG",2006,"Singapore",16532.3076923077,-0.105955519638101
"SG",2007,"Singapore",16242.8571428571,-0.25853544426858
"SG",2008,"Singapore",16266.6666666667,-0.105603184243138
"SG",2009,"Singapore",4663.33333333333,-0.220838072403757
"SG",2010,"Singapore",3131.25,-0.0679356724294846
"SG",2011,"Singapore",4373.01587301587,-0.0275806315171001
"SI",2005,"Slovenia",329.551136363636,1.39620458668094
"SI",2006,"Slovenia",322.005617977528,1.23863516996052
"SI",2007,"Slovenia",324.525714285714,1.39558917784007
"SI",2008,"Slovenia",285.144444444444,1.23671340078015
"SI",2009,"Slovenia",246.194285714286,1.39276182094033
"SI",2010,"Slovenia",287.439812096301,1.24058990067548
"SI",2011,"Slovenia",279.673590504451,1.25948424147806
"SK",2005,"Slovak Republic",80.5039539899353,1.1060865454858
"SK",2006,"Slovak Republic",91.7815674891147,1.18172110950221
"SK",2007,"Slovak Republic",89.9506172839506,1.28424209746333
"SK",2008,"Slovak Republic",75.0839363241679,1.18580872125932
"SK",2009,"Slovak Republic",78.3096960926194,1.27652670069082
"SK",2010,"Slovak Republic",85.0639367816092,1.18119700896135
"SK",2011,"Slovak Republic",95.9373202990224,1.25545632824524
"SL",2005,"Sierra Leone",NA,0.258833103928
"SL",2006,"Sierra Leone",NA,0.0554135272228157
"SL",2007,"Sierra Leone",NA,0.393251056497434
"SL",2008,"Sierra Leone",NA,0.232056568637838
"SL",2009,"Sierra Leone",NA,0.333452132018143
"SL",2010,"Sierra Leone",NA,0.182139193307276
"SL",2011,"Sierra Leone",NA,0.166513440199968
"SM",2005,"San Marino",NA,1.56429849232232
"SM",2006,"San Marino",NA,1.56553787582683
"SM",2007,"San Marino",NA,1.5589870105851
"SM",2008,"San Marino",NA,1.56271122342543
"SN",2005,"Senegal",9.71095717884131,0.455966412487301
"SN",2006,"Senegal",2.19290020093771,0.366952309297851
"SN",2007,"Senegal",2.04891122278057,0.447242952281777
"SN",2008,"Senegal",2.2841095890411,0.325289317421058
"SN",2009,"Senegal",6.3387012987013,0.333136577471547
"SN",2010,"Senegal",8.09584415584416,0.282628926281195
"SN",2011,"Senegal",7.66507462686567,0.284140314576058
"SO",2005,"Somalia",NA,-0.655877975934037
"SO",2006,"Somalia",NA,-0.775110820796744
"SO",2007,"Somalia",NA,-0.77880059320785
"SO",2008,"Somalia",NA,-0.77553903975789
"SO",2009,"Somalia",NA,-0.775372059383159
"SO",2010,"Somalia",NA,-0.770774328876056
"SR",2005,"Suriname",106.367346938776,0.550614037415007
"SR",2006,"Suriname",183.326530612245,0.555118236252442
"SR",2007,"Suriname",149.434782608696,0.545255783838744
"SR",2008,"Suriname",548.659574468085,0.555649266144749
"SR",2009,"Suriname",158.293103448276,0.516980194499891
"SR",2010,"Suriname",197.559322033898,0.579267775340034
"SR",2011,"Suriname",196.147540983607,0.478477970039265
"ST",2005,"Sao Tome and Principe",NA,0.577205313253481
"ST",2006,"Sao Tome and Principe",NA,0.576492345459362
"ST",2007,"Sao Tome and Principe",NA,0.572567880552999
"ST",2008,"Sao Tome and Principe",NA,0.571506938879666
"ST",2009,"Sao Tome and Principe",NA,0.529424049399443
"ST",2010,"Sao Tome and Principe",NA,0.642911400417159
"SV",2005,"El Salvador",130.60113960114,0.616164162606152
"SV",2006,"El Salvador",108.773178807947,0.580912605442045
"SV",2007,"El Salvador",152.609523809524,0.582505687280432
"SV",2008,"El Salvador",127.89897510981,0.53502471795937
"SV",2009,"El Salvador",117.321533923304,0.552484621329048
"SV",2010,"El Salvador",179.355126300149,0.560021632692668
"SV",2011,"El Salvador",188.145772594752,0.560418824891008
"SY",2005,"Syrian Arab Republic",84.9458823529412,-0.887194907868001
"SY",2006,"Syrian Arab Republic",84.541113490364,-0.80420523516823
"SY",2007,"Syrian Arab Republic",80.6454814189189,-0.773526234885846
"SY",2008,"Syrian Arab Republic",87.9899978718876,-0.802501869654114
"SY",2009,"Syrian Arab Republic",65.4218415417559,-0.772453994909313
"SY",2010,"Syrian Arab Republic",33.016855131214,-0.801126846308701
"SY",2011,"Syrian Arab Republic",49.976404976405,-1.28342675876894
"SZ",2005,"Swaziland",NA,-1.13371446024058
"SZ",2006,"Swaziland",NA,-1.02018297307116
"SZ",2007,"Swaziland",NA,-1.12950139293027
"SZ",2008,"Swaziland",NA,-0.857255253661685
"SZ",2009,"Swaziland",NA,-1.13160678061099
"SZ",2010,"Swaziland",NA,-1.01928352297457
"SZ",2011,"Swaziland",NA,-0.841703688710329
"TD",2005,"Chad",NA,-0.330575940217685
"TD",2006,"Chad",NA,-0.704385321647656
"TD",2007,"Chad",NA,-0.487701391356876
"TD",2008,"Chad",NA,-0.757109480880425
"TD",2009,"Chad",NA,-0.475403618242563
"TD",2010,"Chad",NA,-0.756752251938611
"TD",2011,"Chad",NA,-0.929770483848733
"TG",2005,"Togo",9.68380952380952,-0.384120799864982
"TG",2006,"Togo",5.48,-0.684900221362938
"TG",2007,"Togo",6.28225108225108,-0.245802801398037
"TG",2008,"Togo",0.000427350427350427,-0.453368061608151
"TG",2009,"Togo",6.16166666666667,-0.132490630674332
"TG",2010,"Togo",8.96178861788618,-0.248671306034425
"TG",2011,"Togo",10.2028455284553,-0.330250811484385
"TH",2005,"Thailand",112.726907894737,0.535846792820073
"TH",2006,"Thailand",117.399868421053,-0.313150523616714
"TH",2007,"Thailand",124.952894736842,-0.176335038439669
"TH",2008,"Thailand",130.517573770492,0.291194696051527
"TH",2009,"Thailand",122.059318254221,-0.00269091141424312
"TH",2010,"Thailand",162.155710659898,0.199880817375132
"TH",2011,"Thailand",161.51288071066,0.348487686338035
"TJ",2005,"Tajikistan",37.8243064729194,-0.41511319706053
"TJ",2006,"Tajikistan",73.9484396200814,-0.528233406253288
"TJ",2007,"Tajikistan",74.1286863270777,-0.35602975205203
"TJ",2008,"Tajikistan",70.4453441295547,-0.523389319896331
"TJ",2009,"Tajikistan",64.9272237196765,-0.328587900164724
"TJ",2010,"Tajikistan",54.2193087008343,-0.519229805060289
"TJ",2011,"Tajikistan",59.3917647058824,-0.64110909647784
"TL",2005,"Timor-Leste",NA,0.350648880542935
"TL",2006,"Timor-Leste",NA,0.412971106972652
"TL",2007,"Timor-Leste",NA,0.398447904021616
"TL",2008,"Timor-Leste",NA,0.605853819911225
"TL",2009,"Timor-Leste",NA,0.346548946774702
"TL",2010,"Timor-Leste",NA,0.586916105295762
"TL",2011,"Timor-Leste",NA,0.589310766987728
"TM",2005,"Turkmenistan",NA,-1.47481294972694
"TM",2006,"Turkmenistan",NA,-1.51636979266588
"TM",2007,"Turkmenistan",NA,-1.09898249373221
"TM",2008,"Turkmenistan",NA,-1.20393676066313
"TM",2009,"Turkmenistan",NA,-1.09476239096406
"TM",2010,"Turkmenistan",NA,-1.20443467945212
"TM",2011,"Turkmenistan",NA,-1.51328551744424
"TN",2005,"Tunisia",64.089010989011,-0.437626911169238
"TN",2006,"Tunisia",34.542888165038,-0.441927990611453
"TN",2007,"Tunisia",27.1178192462495,-0.525181208101595
"TN",2008,"Tunisia",34.3763668430335,-0.641723588888079
"TN",2009,"Tunisia",43.5278906538604,-0.504023643465401
"TN",2010,"Tunisia",40.3956783563585,-0.639641885941852
"TN",2011,"Tunisia",51.4230362803804,0.160064343790158
"TO",2005,"Tonga",95,-0.317907709330434
"TO",2006,"Tonga",48.9333333333333,-0.310978783639913
"TO",2007,"Tonga",10.1333333333333,-0.306909984228552
"TO",2008,"Tonga",10.8,-0.313747652525966
"TO",2009,"Tonga",277.75,-0.247976371642254
"TO",2010,"Tonga",254.125,-0.00148484443775317
"TR",2005,"Turkey",86.7593369702056,0.513467312701371
"TR",2006,"Turkey",91.837343892781,0.397931227707466
"TR",2007,"Turkey",90.3404613494699,0.458214506711848
"TR",2008,"Turkey",71.9724889816748,0.36022847420062
"TR",2009,"Turkey",104.566156151937,0.407180787683788
"TR",2010,"Turkey",96.3751870557426,0.326524853563444
"TR",2011,"Turkey",102.858123569794,0.40501857007099
"TT",2005,"Trinidad and Tobago",160.84,0.85469149179949
"TT",2006,"Trinidad and Tobago",939.8,0.990650761474102
"TT",2007,"Trinidad and Tobago",67.84,1.12330421196473
"TT",2008,"Trinidad and Tobago",868,1.09947252124524
"TT",2009,"Trinidad and Tobago",274.96,1.1145756589786
"TT",2010,"Trinidad and Tobago",659.68,1.09595849857362
"TT",2011,"Trinidad and Tobago",145.92,1.0065022272289
"TV",2005,"Tuvalu",NA,1.56501566046173
"TV",2006,"Tuvalu",NA,1.55744044411228
"TV",2007,"Tuvalu",NA,1.55577301744893
"TV",2008,"Tuvalu",NA,1.56409665705874
"TZ",2005,"Tanzania",5.75443298969072,-0.221685945297173
"TZ",2006,"Tanzania",5.39762886597938,-0.0843397052565743
"TZ",2007,"Tanzania",5.0716,-0.223054457701647
"TZ",2008,"Tanzania",4.67662042964232,-0.0813417679211173
"TZ",2009,"Tanzania",7.52460869565217,-0.178994132770661
"TZ",2010,"Tanzania",6.57370689655172,0.1118993247583
"TZ",2011,"Tanzania",7.98,0.0937933831633613
"UA",2005,"Ukraine",17.1924688771108,0.646342477450761
"UA",2006,"Ukraine",21.5536583862418,0.657714880908305
"UA",2007,"Ukraine",27.6388974532898,0.699697929858917
"UA",2008,"Ukraine",32.7868448605038,0.656824233827808
"UA",2009,"Ukraine",27.3034053821048,0.685563621393971
"UA",2010,"Ukraine",32.6581888721249,0.516528717139768
"UA",2011,"Ukraine",38.8722729930152,0.20286060913621
"UG",2005,"Uganda",0.967394957983193,-0.173999427440125
"UG",2006,"Uganda",1.2544262295082,-0.0534649350340813
"UG",2007,"Uganda",1.19952,-0.17456626990013
"UG",2008,"Uganda",2.94201550387597,-0.0517898901498696
"UG",2009,"Uganda",2.08272727272727,-0.11610668632118
"UG",2010,"Uganda",1.71940740740741,-0.00871585667206997
"UG",2011,"Uganda",1.76175182481752,-0.0521168733204202
"US",2005,"United States",118.599763800987,1.54963341600062
"US",2006,"United States",126.195686522111,1.55154766665115
"US",2007,"United States",123.269088213491,1.55330661370822
"US",2008,"United States",112.427320245766,1.55661110050543
"US",2009,"United States",108.492814984993,1.56032802424807
"US",2010,"United States",122.992261723816,1.55940738727642
"US",2011,"United States",129.346491891973,1.57614874667748
"UY",2005,"Uruguay",150.503076923077,1.55697996991698
"UY",2006,"Uruguay",160.666408668731,1.30898368840715
"UY",2007,"Uruguay",153.670895522388,1.56147650733707
"UY",2008,"Uruguay",116.185252894576,1.56068144832291
"UY",2009,"Uruguay",110.782912412681,1.56343990673083
"UY",2010,"Uruguay",176.942089552239,1.56239652512736
"UY",2011,"Uruguay",175.053733031674,1.56751905750365
"UZ",2005,"Uzbekistan",NA,-1.46927592990927
"UZ",2006,"Uzbekistan",162.5,-1.51488177903301
"UZ",2007,"Uzbekistan",166.686436781609,-1.10157699061459
"UZ",2008,"Uzbekistan",173.019675925926,-1.20298528401055
"UZ",2009,"Uzbekistan",193.335581395349,-1.10466255684383
"UZ",2010,"Uzbekistan",170.185747126437,-1.20152485990222
"UZ",2011,"Uzbekistan",187.860465116279,-1.5184177918175
"VC",2005,"St. Vincent and the Grenadines",NA,1.03010220250655
"VC",2006,"St. Vincent and the Grenadines",NA,1.02419483449071
"VC",2007,"St. Vincent and the Grenadines",NA,1.02677301871529
"VC",2008,"St. Vincent and the Grenadines",NA,1.02428627702805
"VC",2009,"St. Vincent and the Grenadines",NA,1.02141197679962
"VC",2010,"St. Vincent and the Grenadines",NA,1.31835462857597
"VE",2005,"Venezuela, RB",166.751035781544,0.193829008645932
"VE",2006,"Venezuela, RB",122.715630885122,0.199691821547784
"VE",2007,"Venezuela, RB",135.498307634449,0.199439493667718
"VE",2008,"Venezuela, RB",177.974074074074,0.236344239681141
"VE",2009,"Venezuela, RB",166.176923076923,-0.104697213731156
"VE",2010,"Venezuela, RB",170.688888888889,-0.0448378180677077
"VE",2011,"Venezuela, RB",170.37037037037,-0.143408121056174
"VN",2005,"Vietnam",292.26533501101,-0.687232730132305
"VN",2006,"Vietnam",300.165248897291,-0.750813113367388
"VN",2007,"Vietnam",353.006529732471,-0.684473309123136
"VN",2008,"Vietnam",305.698686828492,-0.750063605995722
"VN",2009,"Vietnam",407.72,-0.681870132254778
"VN",2010,"Vietnam",323.319664492078,-0.748395043022063
"VN",2011,"Vietnam",311.456110477559,-0.86749708115017
"VU",2005,"Vanuatu",NA,0.86919337598976
"VU",2006,"Vanuatu",NA,0.863829440614996
"VU",2007,"Vanuatu",NA,0.864176122240994
"VU",2008,"Vanuatu",NA,0.986727463981859
"VU",2009,"Vanuatu",NA,0.98498407028742
"VU",2010,"Vanuatu",NA,0.980834195054742
"WS",2005,"Samoa",3.36363636363636,0.387787830556105
"WS",2006,"Samoa",2.30769230769231,0.24295491062358
"WS",2007,"Samoa",3.8,0.243497522853608
"WS",2008,"Samoa",5.44444444444444,0.241119982865643
"WS",2009,"Samoa",4.43037974683544,0.64127779402855
"WS",2010,"Samoa",2,0.640969241838869
"YE",2005,"Yemen, Rep.",3.80808080808081,-0.44142646113976
"YE",2006,"Yemen, Rep.",8.4235807860262,-0.317548797420609
"YE",2007,"Yemen, Rep.",21.4065934065934,-0.316031750653637
"YE",2008,"Yemen, Rep.",14.6345381526104,-0.315234841547208
"YE",2009,"Yemen, Rep.",12.0409906063194,-0.366732240251054
"YE",2010,"Yemen, Rep.",19.4577846630519,-0.364907061292222
"YE",2011,"Yemen, Rep.",12.4031007751938,-0.570213569998389
"ZA",2005,"South Africa",47.3310056925996,0.485117512830631
"ZA",2006,"South Africa",62.3364285714286,0.588784102169945
"ZA",2007,"South Africa",61.021746031746,0.416804112445838
"ZA",2008,"South Africa",56.293203125,0.59160822998366
"ZA",2009,"South Africa",60.2474723538705,0.652927573033883
"ZA",2010,"South Africa",53.7809782175058,0.79725610607572
"ZA",2011,"South Africa",60.3374054682955,0.882203908463544
"ZM",2005,"Zambia",27.983865053172,-0.0414353863131569
"ZM",2006,"Zambia",25.6770660471291,0.101235125455131
"ZM",2007,"Zambia",32.3343506273313,0.0619370552127892
"ZM",2008,"Zambia",38.6566186107471,0.187780801058054
"ZM",2009,"Zambia",25.7777464788732,0.268698024991243
"ZM",2010,"Zambia",29.1735294117647,0.2430299276243
"ZM",2011,"Zambia",46.1472222222222,0.399956887705057
"ZW",2005,"Zimbabwe",21.7994871794872,-0.600978143614209
"ZW",2006,"Zimbabwe",32.3563414634146,-0.689092894226818
"ZW",2007,"Zimbabwe",27.03525,-0.603456516418597
"ZW",2008,"Zimbabwe",21.9941176470588,-0.694308799221425
"ZW",2009,"Zimbabwe",28.7780487804878,-0.372140523643928
"ZW",2010,"Zimbabwe",34.083,-0.54478359332277
"ZW",2011,"Zimbabwe",29.4530952380952,-0.628694323880928
