"","iso2c","year","country","FertilizerConsumption","UDS"
"1","AD",2002,"Andorra",NA,0.790223623212858
"2","AD",2003,"Andorra",NA,0.79591438342249
"3","AD",2004,"Andorra",NA,0.786106062668819
"4","AD",2005,"Andorra",NA,0.793961425629518
"5","AF",2002,"Afghanistan",3.40336025006512,-0.86851089679413
"6","AF",2003,"Afghanistan",3.27509006690685,-0.868549149182306
"7","AF",2004,"Afghanistan",4.53556806550665,-0.679431250263555
"8","AF",2005,"Afghanistan",4.24035874439462,-0.184462054192921
"9","AG",2002,"Antigua and Barbuda",6.5,0.602700010493695
"10","AG",2003,"Antigua and Barbuda",13.625,0.597378778587038
"11","AG",2004,"Antigua and Barbuda",3.75,0.9075264275835
"12","AG",2005,"Antigua and Barbuda",3,0.902746636811222
"13","AL",2002,"Albania",97.1851211072664,0.550719163414702
"14","AL",2003,"Albania",98.9325259515571,0.551846499189992
"15","AL",2004,"Albania",100.598615916955,0.549394584435623
"16","AL",2005,"Albania",111.596654275093,0.754529162934869
"17","AM",2002,"Armenia",34.5230769230769,0.306130735679385
"18","AM",2003,"Armenia",22.9978021978022,0.365652835148562
"19","AM",2004,"Armenia",31.6505494505495,0.319181508517297
"20","AM",2005,"Armenia",22.6923076923077,0.317091151600115
"21","AO",2002,"Angola",1.65903225806452,-0.490294643752078
"22","AO",2003,"Angola",1.78878787878788,-0.486845608515147
"23","AO",2004,"Angola",4.50151515151515,-0.489977825240116
"24","AO",2005,"Angola",2.26060606060606,-0.486587977104664
"25","AR",2002,"Argentina",29.9469586547691,0.747563194853172
"26","AR",2003,"Argentina",41.39,1.00595104816855
"27","AR",2004,"Argentina",46.4796,1.00837438050722
"28","AR",2005,"Argentina",40.5947457627119,1.00744345097254
"29","AT",2002,"Austria",234.023826714801,1.56342062583874
"30","AT",2003,"Austria",295.645277577505,1.56448629536305
"31","AT",2004,"Austria",130.707792207792,1.56336967425467
"32","AT",2005,"Austria",135.099495313627,1.56537707699136
"33","AU",2002,"Australia",47.5595723759911,2.00061816910923
"34","AU",2003,"Australia",47.8571428571429,2.00229009996718
"35","AU",2004,"Australia",50.7236662966299,1.57087671221441
"36","AU",2005,"Australia",44.8382656572608,1.56572486305611
"37","AZ",2002,"Azerbaijan",10.4354926510615,-0.48567765747841
"38","AZ",2003,"Azerbaijan",7.64417845484222,-0.411599544696172
"39","AZ",2004,"Azerbaijan",11.979347826087,-0.412003686752362
"40","AZ",2005,"Azerbaijan",13.3619099294628,-0.421206192507866
"41","BA",2002,"Bosnia and Herzegovina",32.6980942828485,0.135775296200679
"42","BA",2003,"Bosnia and Herzegovina",17.6568338249754,0.134364612360494
"43","BA",2004,"Bosnia and Herzegovina",58.442607003891,0.194572510897958
"44","BA",2005,"Bosnia and Herzegovina",24.6370731707317,0.196265472425265
"45","BB",2002,"Barbados",40.125,1.04035975422607
"46","BB",2003,"Barbados",69.75,1.0504281524344
"47","BB",2004,"Barbados",174.0625,1.05404837248929
"48","BB",2005,"Barbados",88.625,1.04630875453751
"49","BD",2002,"Bangladesh",187.72928976245,0.347965562557304
"50","BD",2003,"Bangladesh",159.68466941148,0.347022832616828
"51","BD",2004,"Bangladesh",169.010944910617,0.349695127699914
"52","BD",2005,"Bangladesh",197.250031521876,0.341040436247138
"53","BE",2002,"Belgium",NA,2.00366254587319
"54","BE",2003,"Belgium",NA,2.00067755448765
"55","BE",2004,"Belgium",NA,2.01315796705698
"56","BE",2005,"Belgium",NA,2.00742966803345
"57","BF",2002,"Burkina Faso",0.433189655172414,-0.231798875631682
"58","BF",2003,"Burkina Faso",10.9495867768595,-0.118804757118951
"59","BF",2004,"Burkina Faso",11.9188016528926,-0.169299167278523
"60","BF",2005,"Burkina Faso",15.400824742268,-0.22820166979378
"61","BG",2002,"Bulgaria",113.768405365127,0.98061839303758
"62","BG",2003,"Bulgaria",147.327414986458,0.978874922996048
"63","BG",2004,"Bulgaria",80.8517959553275,0.974447396342686
"64","BG",2005,"Bulgaria",74.2319571383549,1.05643680352927
"65","BH",2002,"Bahrain",8964.5,-0.672088159838946
"66","BH",2003,"Bahrain",176,-0.668050434481633
"67","BH",2004,"Bahrain",0,-0.67627586544743
"68","BH",2005,"Bahrain",4360,-0.675446256212605
"69","BI",2002,"Burundi",1.34381338742394,-0.376036570383474
"70","BI",2003,"Burundi",0.304040404040404,-0.281733441021527
"71","BI",2004,"Burundi",1.11167512690355,-0.213506097609333
"72","BI",2005,"Burundi",3.58350951374207,0.347894891516402
"73","BJ",2002,"Benin",16.3666666666667,0.367821275686108
"74","BJ",2003,"Benin",0.802264150943396,0.432790325863953
"75","BJ",2004,"Benin",0.0527272727272727,0.43192548200297
"76","BJ",2005,"Benin",0.454074074074074,0.435095524859755
"77","BN",2002,"Brunei Darussalam",336,-0.682247740153334
"78","BN",2003,"Brunei Darussalam",102,-0.687443586233616
"79","BN",2004,"Brunei Darussalam",151.5,-0.678437703509746
"80","BN",2005,"Brunei Darussalam",308.5,-0.693190700937139
"81","BO",2002,"Bolivia",4.30354838709677,0.800827825766201
"82","BO",2003,"Bolivia",3.67558338076266,0.584583369933961
"83","BO",2004,"Bolivia",5.06426376082705,0.617437818263914
"84","BO",2005,"Bolivia",6.47293746715712,0.521447750629216
"85","BR",2002,"Brazil",125.756260575296,0.767855410998852
"86","BR",2003,"Brazil",164.617006688963,0.716012320776043
"87","BR",2004,"Brazil",170.474115702479,0.716368246065149
"88","BR",2005,"Brazil",136.160327868852,0.833647015405574
"89","BS",2002,"Bahamas, The",NA,1.05184254057093
"90","BS",2003,"Bahamas, The",NA,1.04947900950804
"91","BS",2004,"Bahamas, The",NA,1.03947261464909
"92","BS",2005,"Bahamas, The",NA,1.05067778751977
"93","BT",2002,"Bhutan",8.664,-1.24261982890758
"94","BT",2003,"Bhutan",8.784,-1.23845674327738
"95","BT",2004,"Bhutan",9.1328125,-1.24618234504011
"96","BT",2005,"Bhutan",9.859375,-0.627316111642026
"97","BW",2002,"Botswana",NA,0.30701410113016
"98","BW",2003,"Botswana",NA,0.313778789556368
"99","BW",2004,"Botswana",NA,0.36138332182186
"100","BW",2005,"Botswana",NA,0.366481317774657
"101","BY",2002,"Belarus",135.986467236467,-0.560859660029964
"102","BY",2003,"Belarus",135.625785598851,-0.56507009162514
"103","BY",2004,"Belarus",146.917808219178,-0.56878816398171
"104","BY",2005,"Belarus",167.70119090581,-0.644024424623743
"105","BZ",2002,"Belize",367.728571428571,0.706171314666239
"106","BZ",2003,"Belize",382.371428571429,0.832162797906764
"107","BZ",2004,"Belize",78.6571428571429,0.827870597251457
"108","BZ",2005,"Belize",81,0.825690757257445
"109","CA",2002,"Canada",57.6289063354255,1.29036043045408
"110","CA",2003,"Canada",58.9276106466548,1.28381464759404
"111","CA",2004,"Canada",54.631571994716,1.39482299292775
"112","CA",2005,"Canada",61.8212786638979,1.4047668619182
"113","CF",2002,"Central African Republic",NA,0.157602999355607
"114","CF",2003,"Central African Republic",NA,-0.544681236758118
"115","CF",2004,"Central African Republic",NA,-0.452576057334105
"116","CF",2005,"Central African Republic",NA,-0.19805724367332
"117","CG",2002,"Congo, Rep.",0,-0.508586566233953
"119","CG",2003,"Congo, Rep.",0,-0.398172878266859
"121","CG",2004,"Congo, Rep.",2.65102040816327,-0.437901784071403
"123","CG",2005,"Congo, Rep.",0.0653061224489796,-0.404967174379969
"125","CH",2002,"Switzerland",195.870415647922,2.00833956771296
"126","CH",2003,"Switzerland",203.820197044335,2.01244361338532
"127","CH",2004,"Switzerland",215.642156862745,2.00043009201802
"128","CH",2005,"Switzerland",226.958333333333,2.01462587002171
"129","CI",2002,"Cote d'Ivoire",31.0189285714286,-0.361838752814165
"130","CI",2003,"Cote d'Ivoire",30.4322222222222,-0.285943784779396
"131","CI",2004,"Cote d'Ivoire",27.2189285714286,-0.358948874756512
"132","CI",2005,"Cote d'Ivoire",17.7803571428571,-0.357378682547972
"133","CL",2002,"Chile",307.773333333333,0.751109757431268
"134","CL",2003,"Chile",330.142666666667,0.822970199223525
"135","CL",2004,"Chile",491.352666666667,0.822599979006048
"136","CL",2005,"Chile",434.761379310345,0.823818057203252
"137","CM",2002,"Cameroon",9.76862416107383,-0.640797076341709
"138","CM",2003,"Cameroon",8.15520134228188,-0.636797726867558
"139","CM",2004,"Cameroon",11.0627516778523,-0.46648117503098
"140","CM",2005,"Cameroon",7.9989937950696,-0.460844441425567
"141","CN",2002,"China",373.087159048868,-0.967805751506089
"142","CN",2003,"China",370.273040526641,-0.967424883738965
"143","CN",2004,"China",331.234702897365,-0.973669633744903
"144","CN",2005,"China",408.498990257463,-0.974975265304282
"145","CO",2002,"Colombia",309.002261420172,0.203936477320193
"146","CO",2003,"Colombia",324.809628975265,0.203877536313031
"147","CO",2004,"Colombia",320.96291331546,0.2028505519954
"148","CO",2005,"Colombia",445.133267522211,0.244796980711354
"149","CR",2002,"Costa Rica",537.01,1.02174744717893
"150","CR",2003,"Costa Rica",847.290476190476,1.02413671397745
"151","CR",2004,"Costa Rica",726.695238095238,1.18998402831192
"152","CR",2005,"Costa Rica",1029.92,1.19231232055918
"153","CU",2002,"Cuba",38.1047919957873,-1.14019187277954
"154","CU",2003,"Cuba",16.5026652452026,-1.13803464149085
"155","CU",2004,"Cuba",18.5302212628171,-1.14315886826438
"156","CU",2005,"Cuba",22.380174291939,-1.14384658324757
"157","CV",2002,"Cape Verde",NA,0.714261182146357
"158","CV",2003,"Cape Verde",NA,0.913186295516468
"159","CV",2004,"Cape Verde",NA,0.909116663317885
"160","CV",2005,"Cape Verde",NA,0.912077681876398
"161","CY",2002,"Cyprus",159.65,1.56925706483709
"162","CY",2003,"Cyprus",154.104347826087,1.568434484803
"163","CY",2004,"Cyprus",131.407079646018,2.00585299496743
"164","CY",2005,"Cyprus",108.975609756098,1.5634415161143
"165","CZ",2002,"Czech Republic",81.6791576339424,1.27677797538153
"166","CZ",2003,"Czech Republic",91.574309649395,1.27873124823422
"167","CZ",2004,"Czech Republic",87.0080845771144,1.56869576526439
"168","CZ",2005,"Czech Republic",89.5550015581178,1.56491069112299
"169","DE",2002,"Germany",220.074039521669,2.0114290151708
"170","DE",2003,"Germany",219.698063752431,2.0019744484699
"171","DE",2004,"Germany",215.125819465456,2.01228861896606
"172","DE",2005,"Germany",208.757056451613,2.00826446514765
"173","DJ",2002,"Djibouti",NA,-0.239030242870174
"174","DJ",2003,"Djibouti",NA,-0.302685589225428
"175","DJ",2004,"Djibouti",NA,-0.298042022805962
"176","DJ",2005,"Djibouti",NA,-0.302363373683158
"177","DK",2002,"Denmark",97.5584358523726,2.01140622145515
"178","DK",2003,"Denmark",136.40026478376,2.0133214227461
"179","DK",2004,"Denmark",144.784486557955,2.00457350000783
"180","DK",2005,"Denmark",137.117066895369,2.01189648550175
"181","DM",2002,"Dominica",86.6,1.32184482397652
"182","DM",2003,"Dominica",148.2,1.32114606255451
"183","DM",2004,"Dominica",198.6,1.32264165637454
"184","DM",2005,"Dominica",207.8,1.04842216159793
"185","DO",2002,"Dominican Republic",75.9297235023041,0.741850923649891
"186","DO",2003,"Dominican Republic",52.2426829268293,0.697665910059878
"187","DO",2004,"Dominican Republic",59.1731707317073,0.744874060816754
"188","DO",2005,"Dominican Republic",58.240243902439,0.747013502356268
"189","DZ",2002,"Algeria",9.6415794355373,-0.299835930488385
"190","DZ",2003,"Algeria",6.00173264027722,-0.301544031537984
"191","DZ",2004,"Algeria",25.0951554784466,-0.251759558345506
"192","DZ",2005,"Algeria",7.42990280921315,-0.186336689990604
"193","EC",2002,"Ecuador",167.622058823529,0.49925335703238
"194","EC",2003,"Ecuador",156.822170900693,0.586500452483418
"195","EC",2004,"Ecuador",217.529365700861,0.355825053798606
"196","EC",2005,"Ecuador",150.829475308642,0.298622301283306
"197","EE",2002,"Estonia",44.0570962479609,0.910267831399446
"198","EE",2003,"Estonia",71.6495412844037,0.97675535850526
"199","EE",2004,"Estonia",84.5212355212355,1.03628474128615
"200","EE",2005,"Estonia",61.0338409475465,1.03962427793293
"201","EG",2002,"Egypt, Arab Rep.",432.532697547684,-0.72855409088439
"202","EG",2003,"Egypt, Arab Rep.",627.750516173434,-0.725930554635269
"203","EG",2004,"Egypt, Arab Rep.",557.593929173693,-0.634141083554602
"204","EG",2005,"Egypt, Arab Rep.",672.883339836129,-0.519971630177008
"205","ER",2002,"Eritrea",6.23665480427046,-0.969213103553385
"206","ER",2003,"Eritrea",1.62814070351759,-0.971981118380558
"207","ER",2004,"Eritrea",0.00501672240802676,-0.972420063955922
"208","ER",2005,"Eritrea",2.31612903225806,-0.96958669537447
"209","ES",2002,"Spain",164.451777829421,1.5618227511022
"210","ES",2003,"Spain",175.270953368672,1.56770052385131
"211","ES",2004,"Spain",165.402610364683,2.00064919757536
"212","ES",2005,"Spain",142.139549291412,2.00047785420568
"213","ET",2002,"Ethiopia",16.8703703703704,-0.321129262813148
"214","ET",2003,"Ethiopia",5.7023243045388,-0.323033777481298
"215","ET",2004,"Ethiopia",10.3092850210288,-0.322936385024297
"216","ET",2005,"Ethiopia",10.8181536794862,-0.140372311075805
"217","FI",2002,"Finland",136.458181818182,2.02074362830212
"218","FI",2003,"Finland",118.589592760181,2.00672649325574
"219","FI",2004,"Finland",132.847228481298,2.01035956828735
"220","FI",2005,"Finland",134.307382550336,1.99936776744112
"221","FJ",2002,"Fiji",71.4823529411765,0.254469202568215
"222","FJ",2003,"Fiji",19.2529411764706,0.245887253791424
"223","FJ",2004,"Fiji",45.2882352941176,0.282203047256066
"224","FJ",2005,"Fiji",39.1764705882353,0.286128126483885
"225","FM",2002,"Micronesia, Fed. Sts.",1,0.715444107086118
"226","FM",2003,"Micronesia, Fed. Sts.",1,0.789295793638826
"227","FM",2004,"Micronesia, Fed. Sts.",0.5,0.794049309124939
"228","FM",2005,"Micronesia, Fed. Sts.",0.5,0.903619615573838
"229","FR",2002,"France",210.396227437802,1.20510921949985
"230","FR",2003,"France",222.103039167886,1.20710072387525
"231","FR",2004,"France",211.039488651752,1.20928254535572
"232","FR",2005,"France",191.013663120376,1.20603383110607
"233","GA",2002,"Gabon",5.57846153846154,-0.270340945862329
"234","GA",2003,"Gabon",3.61230769230769,-0.264876897876262
"235","GA",2004,"Gabon",5.10769230769231,-0.267448278378538
"236","GA",2005,"Gabon",8.34461538461538,-0.319341793735049
"237","GB",2002,"United Kingdom",319.05012098168,1.40070826513625
"238","GB",2003,"United Kingdom",314.189786181304,1.40405111188823
"239","GB",2004,"United Kingdom",287.334593572779,1.40085610788975
"240","GB",2005,"United Kingdom",272.82248210857,1.40080880527194
"241","GD",2002,"Grenada",NA,0.82565496921141
"242","GD",2003,"Grenada",NA,0.93193898369998
"243","GD",2004,"Grenada",NA,0.936738662448206
"244","GD",2005,"Grenada",NA,0.94030694678374
"245","GE",2002,"Georgia",33.0413016270338,0.0453322168806523
"246","GE",2003,"Georgia",14.3690773067332,0.0497795380212429
"247","GE",2004,"Georgia",30.1334745762712,0.316635019118225
"248","GE",2005,"Georgia",53.8602150537634,0.371187718624355
"249","GH",2002,"Ghana",3.74551542693136,0.490073651955485
"250","GH",2003,"Ghana",6.8389486260454,0.551430999735339
"251","GH",2004,"Ghana",13.2005,0.671159577416876
"252","GH",2005,"Ghana",5.99875,0.758147571426605
"253","GM",2002,"Gambia, The",0,-0.24088909214982
"254","GM",2003,"Gambia, The",9.24918032786885,-0.241252506172763
"255","GM",2004,"Gambia, The",7.4865671641791,-0.244899638286709
"256","GM",2005,"Gambia, The",9.60909090909091,-0.29304544272182
"257","GN",2002,"Guinea",1.00418410041841,-0.255062382135319
"258","GN",2003,"Guinea",0.793939393939394,-0.31891929456025
"259","GN",2004,"Guinea",1.03019607843137,-0.318885189673099
"260","GN",2005,"Guinea",0.919737322145202,-0.319051267225468
"261","GQ",2002,"Equatorial Guinea",NA,-0.763575021445665
"262","GQ",2003,"Equatorial Guinea",NA,-0.766543404211755
"263","GQ",2004,"Equatorial Guinea",NA,-0.567873089282749
"264","GQ",2005,"Equatorial Guinea",NA,-0.569298861653436
"265","GR",2002,"Greece",156.376886271623,1.45364212288856
"266","GR",2003,"Greece",216.014250614251,1.45089044337676
"267","GR",2004,"Greece",176.41764929631,1.45378843855488
"268","GR",2005,"Greece",183.423226433431,1.45471171791177
"269","GT",2002,"Guatemala",99.7901754385965,0.309520416570378
"270","GT",2003,"Guatemala",91.671826625387,0.309519783158753
"271","GT",2004,"Guatemala",124.94625,0.252910752375729
"272","GT",2005,"Guatemala",141.690714285714,0.252771573719243
"273","GW",2002,"Guinea-Bissau",NA,0.208472699902696
"274","GW",2003,"Guinea-Bissau",NA,-0.383073260095213
"275","GW",2004,"Guinea-Bissau",NA,-0.00744795456598564
"276","GW",2005,"Guinea-Bissau",NA,0.392369400224919
"277","GY",2002,"Guyana",33.1111111111111,0.379398324496299
"278","GY",2003,"Guyana",23.0555555555556,0.371711643020542
"279","GY",2004,"Guyana",44.8333333333333,0.374266305417163
"280","GY",2005,"Guyana",22.097619047619,0.28212624833657
"281","HN",2002,"Honduras",31.9569288389513,0.615944489336696
"282","HN",2003,"Honduras",54.8970037453184,0.614926792236763
"283","HN",2004,"Honduras",134.966666666667,0.615847337709623
"284","HN",2005,"Honduras",160.851428571429,0.577968154562494
"285","HR",2002,"Croatia",256.988344988345,0.806651493673931
"286","HR",2003,"Croatia",292.802083333333,0.797220759439562
"287","HR",2004,"Croatia",312.584415584416,0.797174897120773
"288","HR",2005,"Croatia",294.508591065292,0.821557070706918
"289","HT",2002,"Haiti",NA,-0.587935435169438
"290","HT",2003,"Haiti",NA,-0.589601522052685
"291","HT",2004,"Haiti",NA,-0.610626646791978
"292","HT",2005,"Haiti",NA,-0.534827307426698
"293","HU",2002,"Hungary",94.8762483716891,1.28388507848827
"294","HU",2003,"Hungary",95.4970633021536,1.27669877761419
"295","HU",2004,"Hungary",98.5210961287516,1.56759430971238
"296","HU",2005,"Hungary",85.1988698109107,1.56704066302115
"297","ID",2002,"Indonesia",123.959065783577,0.276673613494643
"298","ID",2003,"Indonesia",131.132152102116,0.277504249775478
"299","ID",2004,"Indonesia",131.209397551285,0.624235950717363
"300","ID",2005,"Indonesia",150.54734347945,0.727785021350198
"301","IE",2002,"Ireland",597.017841971113,1.56507862896507
"302","IE",2003,"Ireland",533.773265651438,1.56590164530241
"303","IE",2004,"Ireland",404.347717842324,2.01676036113244
"304","IE",2005,"Ireland",388.535472972973,1.56760856181234
"305","IL",2002,"Israel",251.862464183381,1.3052671395928
"306","IL",2003,"Israel",282.934131736527,1.15645243645521
"307","IL",2004,"Israel",320.900321543408,1.15023486409644
"308","IL",2005,"Israel",292.604501607717,1.27592338133804
"309","IN",2002,"India",100.64145835157,0.685504747065981
"310","IN",2003,"India",105.133781628249,0.683891750142037
"311","IN",2004,"India",115.438507369081,0.813040786944175
"312","IN",2005,"India",127.799746251876,0.8144087888688
"313","IQ",2002,"Iraq",0,-1.45382637217752
"314","IQ",2003,"Iraq",0,-0.879236265090074
"315","IQ",2004,"Iraq",20.3022222222222,-0.862756611903068
"316","IQ",2005,"Iraq",39.3430909090909,-0.385837435756572
"317","IR",2002,"Iran, Islamic Rep.",78.7394722066255,-0.438323543856267
"318","IR",2003,"Iran, Islamic Rep.",80.2913502500463,-0.438354954771844
"319","IR",2004,"Iran, Islamic Rep.",103.751726245035,-0.730008771213786
"320","IR",2005,"Iran, Islamic Rep.",95.0479646767072,-0.727447171369924
"321","IS",2002,"Iceland",2686,1.99638340370092
"322","IS",2003,"Iceland",2264.57142857143,1.97262589983218
"323","IS",2004,"Iceland",2541.71428571429,1.98164023814839
"324","IS",2005,"Iceland",2461.28571428571,1.99005097721436
"325","IT",2002,"Italy",171.121877639677,2.00716731209298
"326","IT",2003,"Italy",177.702475185325,2.00072196282754
"327","IT",2004,"Italy",181.418097505953,1.56651506667782
"328","IT",2005,"Italy",171.753084832905,1.56206662028295
"329","JM",2002,"Jamaica",94.6740740740741,0.621378935963767
"330","JM",2003,"Jamaica",112.192592592593,0.62169813431318
"331","JM",2004,"Jamaica",123.947368421053,0.618658919267267
"332","JM",2005,"Jamaica",115.84375,0.619308686539025
"333","JO",2002,"Jordan",1590.45641025641,-0.488751543228405
"334","JO",2003,"Jordan",916.141242937853,-0.410894776078983
"335","JO",2004,"Jordan",476.531100478469,-0.345680098197476
"336","JO",2005,"Jordan",784.016216216216,-0.342678095096953
"337","JP",2002,"Japan",333.544467073999,1.08606494588511
"338","JP",2003,"Japan",335.170798271549,1.07923955259478
"339","JP",2004,"Japan",353.683717743777,1.08608369289133
"340","JP",2005,"Japan",347.969266055046,1.27884244218725
"341","KE",2002,"Kenya",27.313101551758,0.337224327005186
"342","KE",2003,"Kenya",33.0967741935484,0.426662746187791
"343","KE",2004,"Kenya",27.6808672499049,0.427117600858842
"344","KE",2005,"Kenya",34.3265577507599,0.426813319582652
"345","KG",2002,"Kyrgyz Republic",7.05055762081784,-0.368691342642656
"346","KG",2003,"Kyrgyz Republic",24.7105654761905,-0.300077438046835
"347","KG",2004,"Kyrgyz Republic",21.6821589205397,-0.365211547895666
"348","KG",2005,"Kyrgyz Republic",24.6285046728972,0.0190455433815814
"349","KH",2002,"Cambodia",5.82567567567568,-0.246547157723308
"350","KH",2003,"Cambodia",3.85783783783784,-0.382657302138847
"351","KH",2004,"Cambodia",5.36594594594595,-0.374901264975214
"352","KH",2005,"Cambodia",8.10513513513514,-0.376929240878764
"353","KI",2002,"Kiribati",NA,1.04352674384656
"354","KI",2003,"Kiribati",NA,1.04578041812259
"355","KI",2004,"Kiribati",NA,1.05238573095973
"356","KI",2005,"Kiribati",NA,1.05046174954017
"357","KM",2002,"Comoros",NA,-0.191885072844981
"358","KM",2003,"Comoros",NA,-0.194328171290361
"359","KM",2004,"Comoros",NA,0.157982951591639
"360","KM",2005,"Comoros",NA,0.15341937050333
"361","KN",2002,"St. Kitts and Nevis",0,1.05207259172101
"362","KN",2003,"St. Kitts and Nevis",84.1428571428571,1.04795109444759
"363","KN",2004,"St. Kitts and Nevis",7.85714285714286,0.944342221412046
"364","KN",2005,"St. Kitts and Nevis",18.3333333333333,1.17985352244449
"365","KP",2002,"Korea, Dem. Rep.",NA,-1.45826814613826
"366","KP",2003,"Korea, Dem. Rep.",NA,-1.451319547496
"367","KP",2004,"Korea, Dem. Rep.",NA,-1.46003295754263
"368","KP",2005,"Korea, Dem. Rep.",NA,-1.4521638270634
"369","KR",2002,"Korea, Rep.",412.127240143369,0.803572119931039
"370","KR",2003,"Korea, Rep.",468.790235081374,0.803923806798348
"371","KR",2004,"Korea, Rep.",525.422867513612,0.89284582600905
"372","KR",2005,"Korea, Rep.",643.357881923311,0.885854632749579
"373","KW",2002,"Kuwait",1763.33333333333,-0.588323425623422
"374","KW",2003,"Kuwait",0,-0.590950387191776
"375","KW",2004,"Kuwait",0,-0.596220277663197
"376","KW",2005,"Kuwait",4349.09090909091,-0.59166239853701
"377","KZ",2002,"Kazakhstan",1.04525006615507,-0.459808320396001
"378","KZ",2003,"Kazakhstan",1.49550108594477,-0.456440910625772
"379","KZ",2004,"Kazakhstan",1.86036235086169,-0.456027013574597
"380","KZ",2005,"Kazakhstan",1.80291648254529,-0.632931281820491
"381","LA",2002,"Lao PDR",NA,-0.971166392843555
"382","LA",2003,"Lao PDR",NA,-0.970711679056173
"383","LA",2004,"Lao PDR",NA,-0.972066880785041
"384","LA",2005,"Lao PDR",NA,-0.972034892897924
"385","LB",2002,"Lebanon",358,-0.0820537123458059
"386","LB",2003,"Lebanon",132.375,-0.0947491455304144
"387","LB",2004,"Lebanon",142.632352941176,-0.0987252526210745
"388","LB",2005,"Lebanon",315.31914893617,0.193244100924757
"389","LC",2002,"St. Lucia",NA,0.829732254946307
"390","LC",2003,"St. Lucia",NA,0.831015789950729
"391","LC",2004,"St. Lucia",NA,0.82653302147905
"392","LC",2005,"St. Lucia",NA,1.04475125378577
"393","LI",2002,"Liechtenstein",NA,1.58766594767707
"394","LI",2003,"Liechtenstein",NA,1.57933045582955
"395","LI",2004,"Liechtenstein",NA,1.58250520549597
"396","LI",2005,"Liechtenstein",NA,1.57440613459726
"397","LK",2002,"Sri Lanka",304.563034188034,0.457523405524764
"398","LK",2003,"Sri Lanka",259.184210526316,0.460277823280278
"399","LK",2004,"Sri Lanka",287.01,0.457821530709842
"400","LK",2005,"Sri Lanka",255.291818181818,0.512244613109597
"401","LR",2002,"Liberia",NA,-0.359220938785745
"402","LR",2003,"Liberia",NA,-0.490548015036043
"403","LR",2004,"Liberia",NA,-0.222419768465639
"404","LR",2005,"Liberia",NA,0.0531191512865047
"405","LS",2002,"Lesotho",NA,0.258220315463377
"406","LS",2003,"Lesotho",NA,0.259931978397881
"407","LS",2004,"Lesotho",NA,0.259557097362803
"408","LS",2005,"Lesotho",NA,0.26164796487349
"409","LT",2002,"Lithuania",110.154972544234,1.16635824357367
"410","LT",2003,"Lithuania",147.384262295082,1.28575681035575
"411","LT",2004,"Lithuania",173.803217821782,0.975900287542984
"412","LT",2005,"Lithuania",97.5897166841553,1.28172658709129
"413","LU",2002,"Luxembourg",581.145161290323,1.32470268440867
"414","LU",2003,"Luxembourg",267.467741935484,1.3209237462271
"415","LU",2004,"Luxembourg",333.612903225806,1.3175969370524
"416","LU",2005,"Luxembourg",313.15,1.31806578641849
"417","LV",2002,"Latvia",50.5950668036999,0.891166744965789
"418","LV",2003,"Latvia",49.4942528735632,0.969028034202053
"419","LV",2004,"Latvia",64.1288404360753,0.890303009491332
"420","LV",2005,"Latvia",68.040293040293,1.01957659975878
"421","LY",2002,"Libya",66.2920110192837,-1.13694193584926
"422","LY",2003,"Libya",33.0699724517906,-1.13650327325299
"423","LY",2004,"Libya",51.6565714285714,-1.14378058871951
"424","LY",2005,"Libya",67.128,-1.13934211116418
"425","MA",2002,"Morocco",65.5542727921923,-0.3897774637484
"426","MA",2003,"Morocco",55.3112092766427,-0.496597703119015
"427","MA",2004,"Morocco",48.9576126674787,-0.422167361917006
"428","MA",2005,"Morocco",63.7872445210539,-0.42144125531581
"429","MD",2002,"Moldova",8.13890396093326,0.439538936007273
"430","MD",2003,"Moldova",7.53387533875339,0.438280153689017
"431","MD",2004,"Moldova",8.31521739130435,0.441216629327246
"432","MD",2005,"Moldova",9.00163666121113,0.563960513940891
"433","MG",2002,"Madagascar",2.09423728813559,0.377459895879726
"434","MG",2003,"Madagascar",2.14813559322034,0.418893145754588
"435","MG",2004,"Madagascar",2.20305084745763,0.431202994562695
"436","MG",2005,"Madagascar",5.54305084745763,0.430320771149264
"437","MH",2002,"Marshall Islands",2,0.918488011481243
"438","MH",2003,"Marshall Islands",2,0.906754555457244
"439","MH",2004,"Marshall Islands",0.5,0.910053222535837
"440","MH",2005,"Marshall Islands",0.5,0.911416442496772
"441","MK",2002,"Macedonia, FYR",30.8597194388778,0.694556805978642
"442","MK",2003,"Macedonia, FYR",32.8046709129512,0.692171507922492
"443","MK",2004,"Macedonia, FYR",53.4815618221258,0.696269844416931
"444","MK",2005,"Macedonia, FYR",62.0223214285714,0.693481742398112
"445","ML",2002,"Mali",0,0.343342611937268
"446","ML",2003,"Mali",0,0.401441748386851
"447","ML",2004,"Mali",52.0415833666533,0.40509628552365
"448","ML",2005,"Mali",15.6924861681242,0.401430454173341
"449","MM",2002,"Myanmar",4.29010342729669,-1.14265986730837
"450","MM",2003,"Myanmar",10.309004162014,-1.14215095461606
"451","MM",2004,"Myanmar",19.9116222760291,-1.28326174181225
"452","MM",2005,"Myanmar",6.52112536037379,-1.28371577631438
"453","MN",2002,"Mongolia",4.93673695893452,0.895222402643055
"454","MN",2003,"Mongolia",4.68181818181818,0.899898432256154
"455","MN",2004,"Mongolia",6.92570754716981,0.97149185384365
"456","MN",2005,"Mongolia",4.32269503546099,0.976664415771821
"457","MR",2002,"Mauritania",NA,-0.544971550585921
"458","MR",2003,"Mauritania",NA,-0.462331637965086
"459","MR",2004,"Mauritania",NA,-0.457641001895781
"460","MR",2005,"Mauritania",NA,-0.502161673783317
"461","MT",2002,"Malta",103.222222222222,1.50970775482037
"462","MT",2003,"Malta",97.3333333333333,1.51813564388842
"463","MT",2004,"Malta",130,1.52235203258887
"464","MT",2005,"Malta",108.25,1.52194927927109
"465","MU",2002,"Mauritius",298.263157894737,1.17188290595111
"466","MU",2003,"Mauritius",277.389473684211,1.17273378004989
"467","MU",2004,"Mauritius",287.838709677419,1.3917987717654
"468","MU",2005,"Mauritius",321.860215053763,1.28394452615726
"469","MV",2002,"Maldives",4.5,-0.689144256153509
"470","MV",2003,"Maldives",6,-0.685700275922605
"471","MV",2004,"Maldives",7.75,-0.682490029464458
"472","MV",2005,"Maldives",22.25,-0.689181826147891
"473","MW",2002,"Malawi",29.7136842105263,0.33758771772319
"474","MW",2003,"Malawi",32.7129824561404,0.412493973405657
"475","MW",2004,"Malawi",34.406,0.347167827918027
"476","MW",2005,"Malawi",32.5246666666667,0.344458291105343
"477","MX",2002,"Mexico",60.278764940239,0.801189592712821
"478","MX",2003,"Mexico",62.9045019920319,0.794386470117755
"479","MX",2004,"Mexico",67.7109960159363,0.796323216948977
"480","MX",2005,"Mexico",73.79184,0.792583849091644
"481","MY",2002,"Malaysia",602.960555555556,-0.107191656887401
"482","MY",2003,"Malaysia",660.687777777778,-0.0549449358695723
"483","MY",2004,"Malaysia",830.182777777778,-0.00889624990866325
"484","MY",2005,"Malaysia",775.313888888889,-0.00363596945618733
"485","MZ",2002,"Mozambique",5.97752808988764,0.127528886662214
"486","MZ",2003,"Mozambique",0.736222222222222,0.134046818800474
"487","MZ",2004,"Mozambique",2.25978260869565,0.072347716258415
"488","MZ",2005,"Mozambique",1.586,0.0728263773577644
"489","NA",2002,"Namibia",3.9031862745098,-0.91639538238486
"492","NA",2003,"Namibia",1.41104294478528,0.614350310644343
"495","NA",2004,"Namibia",3.20490797546012,0.611710476562307
"498","NA",2005,"Namibia",1.91154791154791,-1.00767030736689
"501","NE",2002,"Niger",0.611381531853973,0.196507076902696
"502","NE",2003,"Niger",0.293248045486851,0.196034638017732
"503","NE",2004,"Niger",0.239646017699115,0.317133738233925
"504","NE",2005,"Niger",0.386980491942324,0.323691971057589
"505","NG",2002,"Nigeria",4.8119375,0.173122675169361
"506","NG",2003,"Nigeria",6.71671875,0.217868078163686
"507","NG",2004,"Nigeria",4.82057575757576,0.220293692561927
"508","NG",2005,"Nigeria",7.40297142857143,0.219194257038001
"509","NI",2002,"Nicaragua",28.4085,0.556864079940022
"510","NI",2003,"Nicaragua",31.8956097560976,0.555170567925638
"511","NI",2004,"Nicaragua",32.8910485933504,0.55636869349496
"512","NI",2005,"Nicaragua",27.4278048780488,0.553257704082731
"513","NL",2002,"Netherlands",428.823144104803,2.0216999100483
"514","NL",2003,"Netherlands",438.291390728477,1.99780431692294
"515","NL",2004,"Netherlands",357.472049689441,2.01635694657258
"516","NL",2005,"Netherlands",337.806480648065,2.01081758971701
"517","NO",2002,"Norway",205.579726651481,2.00493540693423
"518","NO",2003,"Norway",213.507462686567,2.0089919777884
"519","NO",2004,"Norway",215.230149597238,2.01180450408222
"520","NO",2005,"Norway",218.865429234339,2.00667352029395
"521","NP",2002,"Nepal",16.525243954179,-0.218036790050909
"522","NP",2003,"Nepal",4.96860415782775,-0.269458006758028
"523","NP",2004,"Nepal",7.83114128128978,-0.32395755673283
"524","NP",2005,"Nepal",3.45226983453543,-0.632305651798984
"525","NZ",2002,"New Zealand",1836.39075630252,1.4016978112492
"526","NZ",2003,"New Zealand",2279.08192771084,1.40057045715059
"527","NZ",2004,"New Zealand",1760.64761904762,1.40304948257873
"528","NZ",2005,"New Zealand",2718.68705882353,1.56603232576791
"529","OM",2002,"Oman",382.935483870968,-0.914501922693983
"530","OM",2003,"Oman",391.903225806452,-0.91275100445881
"531","OM",2004,"Oman",472.413793103448,-0.919048769698178
"532","OM",2005,"Oman",1365.82142857143,-0.910454163294381
"533","PA",2002,"Panama",40.4032846715328,0.99408820057506
"534","PA",2003,"Panama",51.1569343065693,0.996964364730579
"535","PA",2004,"Panama",42.1605839416058,1.00055228748402
"536","PA",2005,"Panama",34.4197080291971,0.996799448792597
"537","PE",2002,"Peru",83.9865753424658,0.753390943917472
"538","PE",2003,"Peru",86.4695890410959,0.755324237700297
"539","PE",2004,"Peru",91.6422222222222,0.749417167459259
"540","PE",2005,"Peru",82.606301369863,0.753942934515786
"541","PG",2002,"Papua New Guinea",159.118181818182,0.597143103809833
"542","PG",2003,"Papua New Guinea",393.528888888889,0.547797372718213
"543","PG",2004,"Papua New Guinea",76.8260869565217,0.541170373194823
"544","PG",2005,"Papua New Guinea",71.4083333333333,0.544901221271296
"545","PH",2002,"Philippines",146.361094224924,0.671089579302113
"546","PH",2003,"Philippines",175.236734693878,0.670399749412213
"547","PH",2004,"Philippines",163.682,0.67543090836506
"548","PH",2005,"Philippines",152.3076,0.611482850283951
"549","PK",2002,"Pakistan",140.842358604091,-0.420178469008361
"550","PK",2003,"Pakistan",145.947724534248,-0.413234629898472
"551","PK",2004,"Pakistan",157.67598027706,-0.416579691140814
"552","PK",2005,"Pakistan",175.193792616976,-0.415216529955324
"553","PL",2002,"Poland",116.19523443505,1.09580585417578
"554","PL",2003,"Poland",128.871057440216,1.08308128454299
"555","PL",2004,"Poland",129.13560666138,1.28935334474685
"556","PL",2005,"Poland",161.938884770612,1.28780366707309
"557","PT",2002,"Portugal",194.157142857143,1.28513994154464
"558","PT",2003,"Portugal",176.840834964123,1.2972002810319
"559","PT",2004,"Portugal",208.314899154197,1.29020242544779
"560","PT",2005,"Portugal",209.744057052298,1.28920120119834
"561","PW",2002,"Palau",NA,0.978484947770066
"562","PW",2003,"Palau",NA,1.56642944589971
"563","PW",2004,"Palau",NA,1.58771542046624
"564","PW",2005,"Palau",NA,1.57580553557165
"565","PY",2002,"Paraguay",47.7158878504673,0.328407056171187
"566","PY",2003,"Paraguay",66.2393292682927,0.397582002526243
"567","PY",2004,"Paraguay",78.4219584569733,0.396796809802981
"568","PY",2005,"Paraguay",65.7630057803468,0.397405440351644
"569","QA",2002,"Qatar",39.3076923076923,-1.35856694385748
"570","QA",2003,"Qatar",0,-1.3567228023645
"571","QA",2004,"Qatar",3796.38461538462,-1.24531827838325
"572","QA",2005,"Qatar",565.307692307692,-1.24129244191678
"573","RO",2002,"Romania",34.7827431740614,0.740733149266192
"574","RO",2003,"Romania",38.6328249973339,0.694192506327225
"575","RO",2004,"Romania",42.6252383623107,0.717404805737593
"576","RO",2005,"Romania",51.3513633834168,0.805103559842723
"577","RU",2002,"Russian Federation",13.5525371562791,0.15256908440505
"578","RU",2003,"Russian Federation",11.0035166736021,0.106053255874786
"579","RU",2004,"Russian Federation",11.4197763332405,-0.016334289083067
"580","RU",2005,"Russian Federation",11.7926441727363,-0.00840087484908314
"581","RW",2002,"Rwanda",0,-0.638972944551289
"582","RW",2003,"Rwanda",2.1295652173913,-0.368425611829532
"583","RW",2004,"Rwanda",1.7695652173913,-0.362436292757095
"584","RW",2005,"Rwanda",2.95652173913043,-0.367156665211371
"585","SA",2002,"Saudi Arabia",56.4797222222222,-1.96363595108884
"586","SA",2003,"Saudi Arabia",119.181666666667,-1.97505340765494
"587","SA",2004,"Saudi Arabia",104.991428571429,-1.97637198708327
"588","SA",2005,"Saudi Arabia",93.9028571428571,-1.47754676098008
"589","SB",2002,"Solomon Islands",NA,0.346552519667077
"590","SB",2003,"Solomon Islands",NA,0.602868580185377
"591","SB",2004,"Solomon Islands",NA,0.613876113089715
"592","SB",2005,"Solomon Islands",NA,0.613563596946152
"593","SC",2002,"Seychelles",0,0.257878133616933
"594","SC",2003,"Seychelles",24,0.258765397079732
"595","SC",2004,"Seychelles",11,0.262124727071921
"596","SC",2005,"Seychelles",34,0.258317626616866
"597","SD",2002,"Sudan",3.4724862279799,-0.957516635272625
"598","SD",2003,"Sudan",3.49545756702858,-0.956338099312355
"599","SD",2004,"Sudan",4.60896831122704,-0.960038266510965
"600","SD",2005,"Sudan",2.58104353195431,-0.85498575381291
"601","SE",2002,"Sweden",99.8879342547628,2.01829729672006
"602","SE",2003,"Sweden",98.2370592648162,2.01116137245194
"603","SE",2004,"Sweden",97.8539156626506,2.00865860823123
"604","SE",2005,"Sweden",87.8990348923534,2.01141744318753
"605","SG",2002,"Singapore",1830,-0.340912216830833
"606","SG",2003,"Singapore",NA,-0.345742168560581
"607","SG",2004,"Singapore",NA,-0.341164815599864
"608","SG",2005,"Singapore",NA,-0.344918318538314
"609","SI",2002,"Slovenia",403.47619047619,1.40329860536268
"610","SI",2003,"Slovenia",400.28901734104,1.56358318053161
"611","SI",2004,"Slovenia",358.698863636364,1.56591015629332
"612","SI",2005,"Slovenia",329.551136363636,1.4042724126421
"613","SK",2002,"Slovak Republic",83.1063829787234,1.06182012908459
"614","SK",2003,"Slovak Republic",78.9483368719037,1.16702440925808
"615","SK",2004,"Slovak Republic",83.6669059583632,1.11169296803947
"616","SK",2005,"Slovak Republic",80.5039539899353,1.11043553800363
"617","SL",2002,"Sierra Leone",NA,0.249015148420116
"618","SL",2003,"Sierra Leone",NA,0.288799274386893
"619","SL",2004,"Sierra Leone",NA,0.294862685580454
"620","SL",2005,"Sierra Leone",NA,0.297030394777347
"621","SM",2002,"San Marino",NA,1.58046998499815
"622","SM",2003,"San Marino",NA,1.57779701164493
"623","SM",2004,"San Marino",NA,1.57735273257854
"624","SM",2005,"San Marino",NA,1.57328355052964
"625","SN",2002,"Senegal",11.6041935483871,0.477729577231117
"626","SN",2003,"Senegal",10.7551978537894,0.487003388179551
"627","SN",2004,"Senegal",12.5024695423115,0.479105245370554
"628","SN",2005,"Senegal",9.71095717884131,0.477377212536343
"629","SO",2002,"Somalia",NA,-0.598241405745205
"630","SO",2003,"Somalia",NA,-0.59729407000698
"631","SO",2004,"Somalia",NA,-0.600256283117983
"632","SO",2005,"Somalia",NA,-0.595631797778634
"633","SR",2002,"Suriname",92.1777777777778,0.93259098177138
"634","SR",2003,"Suriname",109.054545454545,0.937116429892792
"635","SR",2004,"Suriname",141.037735849057,0.937390150498132
"636","SR",2005,"Suriname",106.367346938776,0.797833205867371
"637","ST",2002,"Sao Tome and Principe",NA,0.71415478205446
"638","ST",2003,"Sao Tome and Principe",NA,0.58602878408658
"639","ST",2004,"Sao Tome and Principe",NA,0.587392031667855
"640","ST",2005,"Sao Tome and Principe",NA,0.588490836707023
"641","SV",2002,"El Salvador",71.6405797101449,0.614991579465942
"642","SV",2003,"El Salvador",78.1864904552129,0.606464853252805
"643","SV",2004,"El Salvador",86.6974063400576,0.652276079071944
"644","SV",2005,"El Salvador",130.60113960114,0.647298162586077
"645","SY",2002,"Syrian Arab Republic",68.3527106466362,-1.14225339686844
"646","SY",2003,"Syrian Arab Republic",75.8486486486486,-0.829159736646089
"647","SY",2004,"Syrian Arab Republic",73.1812066428421,-0.829510777596888
"648","SY",2005,"Syrian Arab Republic",84.9458823529412,-0.825001379581349
"649","SZ",2002,"Swaziland",NA,-1.02290130654636
"650","SZ",2003,"Swaziland",NA,-1.1307072936447
"651","SZ",2004,"Swaziland",NA,-1.12718951028851
"652","SZ",2005,"Swaziland",NA,-1.12716204839152
"653","TD",2002,"Chad",NA,-0.273509358487693
"654","TD",2003,"Chad",NA,-0.277259749667477
"655","TD",2004,"Chad",NA,-0.276777807251652
"656","TD",2005,"Chad",NA,-0.276616907475267
"657","TG",2002,"Togo",5.17263157894737,-0.277127947123396
"658","TG",2003,"Togo",7.48893617021277,-0.275753865558532
"659","TG",2004,"Togo",3.39311827956989,-0.277949219519252
"660","TG",2005,"Togo",8.84173913043478,-0.321988127813687
"661","TH",2002,"Thailand",110.522516082916,0.618352149046715
"662","TH",2003,"Thailand",149.180394736842,0.622016003370183
"663","TH",2004,"Thailand",131.695263157895,0.617820719688558
"664","TH",2005,"Thailand",112.726907894737,0.565126192560155
"665","TJ",2002,"Tajikistan",0,-0.315858095993721
"666","TJ",2003,"Tajikistan",0,-0.302849278044203
"667","TJ",2004,"Tajikistan",33.9434447300771,-0.369629859367168
"668","TJ",2005,"Tajikistan",37.8243064729194,-0.36660493951321
"669","TL",2002,"Timor-Leste",NA,0.383754498498295
"670","TL",2003,"Timor-Leste",NA,0.380543917340745
"671","TL",2004,"Timor-Leste",NA,0.379789785423308
"672","TL",2005,"Timor-Leste",NA,0.380168705062928
"673","TM",2002,"Turkmenistan",NA,-1.46114635136965
"674","TM",2003,"Turkmenistan",NA,-1.4530899791764
"675","TM",2004,"Turkmenistan",NA,-1.45195612453914
"676","TM",2005,"Turkmenistan",NA,-1.46200699616423
"677","TN",2002,"Tunisia",25.2150848069289,-0.551944518806421
"678","TN",2003,"Tunisia",36.3401433691756,-0.555913742667057
"679","TN",2004,"Tunisia",36.1429595127195,-0.392373836014902
"680","TN",2005,"Tunisia",64.089010989011,-0.38585011320607
"681","TO",2002,"Tonga",12.9333333333333,-0.308024499042765
"682","TO",2003,"Tonga",301.533333333333,-0.315382735380725
"683","TO",2004,"Tonga",98.0666666666667,-0.305790587976795
"684","TO",2005,"Tonga",95,-0.300344590820372
"685","TR",2002,"Turkey",72.7959489872468,0.503692881110498
"686","TR",2003,"Turkey",84.2946688345028,0.501777833448164
"687","TR",2004,"Turkey",85.6275396925139,0.545998209778107
"688","TR",2005,"Turkey",86.7593369702056,0.546639630294988
"689","TT",2002,"Trinidad and Tobago",796.666666666667,0.820125325161196
"690","TT",2003,"Trinidad and Tobago",150.733333333333,0.823593582678295
"691","TT",2004,"Trinidad and Tobago",84.8846153846154,0.82728683780042
"692","TT",2005,"Trinidad and Tobago",160.84,0.893745595546777
"693","TV",2002,"Tuvalu",NA,1.58011419158538
"694","TV",2003,"Tuvalu",NA,1.56215747219171
"695","TV",2004,"Tuvalu",NA,1.56897454748552
"696","TV",2005,"Tuvalu",NA,1.57587526657134
"697","TZ",2002,"Tanzania",3.49648351648352,-0.203370893302207
"698","TZ",2003,"Tanzania",4.01795142555438,-0.206634810405172
"699","TZ",2004,"Tanzania",5.28915789473684,-0.208801572669189
"700","TZ",2005,"Tanzania",5.87557894736842,-0.205966615276292
"701","UA",2002,"Ukraine",15.9493915929204,0.521163925268787
"702","UA",2003,"Ukraine",15.77835591133,0.527307991879352
"703","UA",2004,"Ukraine",16.4180161320116,0.580512026586619
"704","UA",2005,"Ukraine",17.1924688771108,0.685520076455517
"705","UG",2002,"Uganda",1.33267857142857,-0.258939633724969
"706","UG",2003,"Uganda",1.59504273504274,-0.205822218434072
"707","UG",2004,"Uganda",1.47193277310924,-0.207619930119398
"708","UG",2005,"Uganda",0.967394957983193,-0.135097244885303
"709","US",2002,"United States",112.517271082283,1.57130101044582
"710","US",2003,"United States",119.560809629794,1.56033814827261
"711","US",2004,"United States",122.670840915621,1.55950271162038
"712","US",2005,"United States",118.599763800987,1.5634175343987
"713","UY",2002,"Uruguay",64.8292307692308,1.56737739114194
"714","UY",2003,"Uruguay",117.863076923077,1.57049376414101
"715","UY",2004,"Uruguay",138.887692307692,1.57355986180905
"716","UY",2005,"Uruguay",150.503076923077,1.57316696973451
"717","UZ",2002,"Uzbekistan",0,-1.23387492792674
"718","UZ",2003,"Uzbekistan",0,-1.24036076407713
"719","UZ",2004,"Uzbekistan",0,-1.23755190592198
"720","UZ",2005,"Uzbekistan",0,-1.45071891919912
"721","VC",2002,"St. Vincent and the Grenadines",NA,0.941851844003587
"722","VC",2003,"St. Vincent and the Grenadines",NA,0.937062408194837
"723","VC",2004,"St. Vincent and the Grenadines",NA,0.941435256772418
"724","VC",2005,"St. Vincent and the Grenadines",NA,1.04689118256915
"725","VE",2002,"Venezuela, RB",144.37,0.202035067158287
"726","VE",2003,"Venezuela, RB",168.860384615385,0.30731880185838
"727","VE",2004,"Venezuela, RB",159.534339622642,0.251374264143093
"728","VE",2005,"Venezuela, RB",167.065660377358,0.231569156041967
"729","VN",2002,"Vietnam",304.963939393939,-0.72011044226744
"730","VN",2003,"Vietnam",342.302689560857,-0.723805622634366
"731","VN",2004,"Vietnam",403.938321224301,-0.719242025979643
"732","VN",2005,"Vietnam",292.26533501101,-0.637768059755964
"733","VU",2002,"Vanuatu",NA,0.829401881856021
"734","VU",2003,"Vanuatu",NA,0.691823687045995
"735","VU",2004,"Vanuatu",NA,0.899386745469052
"736","VU",2005,"Vanuatu",NA,0.902080391150426
"737","WS",2002,"Samoa",0.4,0.392862867785637
"738","WS",2003,"Samoa",0.96,0.390803281888875
"739","WS",2004,"Samoa",1.6,0.387006422256668
"740","WS",2005,"Samoa",1.48,0.385870864647119
"741","YE",2002,"Yemen, Rep.",8.19787985865724,-0.48780206916233
"742","YE",2003,"Yemen, Rep.",4.49680511182109,-0.409047663225639
"743","YE",2004,"Yemen, Rep.",13.6641509433962,-0.408091506554851
"744","YE",2005,"Yemen, Rep.",3.80808080808081,-0.406863610039577
"745","ZA",2002,"South Africa",56.8363722632685,0.486624564347231
"746","ZA",2003,"South Africa",50.8398969701078,0.486720282666298
"747","ZA",2004,"South Africa",54.5459183673469,0.490466770887379
"748","ZA",2005,"South Africa",42.4208163265306,0.484329005883901
"749","ZM",2002,"Zambia",26.074748257165,-0.0104720768217598
"750","ZM",2003,"Zambia",26.1729297146834,-0.00886329764680583
"751","ZM",2004,"Zambia",29.9046121593291,-0.00679621376820294
"752","ZM",2005,"Zambia",27.983865053172,-0.0097039295607007
"753","ZW",2002,"Zimbabwe",35.8980716253444,-0.468848001452549
"754","ZW",2003,"Zimbabwe",40.2292011019284,-0.466513894724947
"755","ZW",2004,"Zimbabwe",22.8444444444444,-0.539090531959605
"756","ZW",2005,"Zimbabwe",21.9118556701031,-0.539587876534074
